gameId,game_date,hometeamCity,hometeamName,hometeamId,awayteamCity,awayteamName,awayteamId,homeScore,awayScore,winner,gameType,attendance,arenaId,gameLabel,gameSubLabel,seriesGameNumber
22500642,2026-01-23 17:00:00,Portland,Trail Blazers,1610612757,Toronto,Raptors,1610612761,98,110,1610612761,,17438.0,,,,
22500640,2026-01-23 16:30:00,Milwaukee,Bucks,1610612749,Denver,Nuggets,1610612743,100,102,1610612743,,17341.0,,AWS NBA Rivals Week,,
22500641,2026-01-23 15:00:00,Oklahoma City,Thunder,1610612760,Indiana,Pacers,1610612754,114,117,1610612754,,18203.0,,,,
22500639,2026-01-23 15:00:00,Memphis,Grizzlies,1610612763,New Orleans,Pelicans,1610612740,127,133,1610612740,,14174.0,,,,
22500636,2026-01-23 14:30:00,Atlanta,Hawks,1610612737,Phoenix,Suns,1610612756,110,103,1610612737,,15461.0,,,,
22500637,2026-01-23 14:30:00,Brooklyn,Nets,1610612751,Boston,Celtics,1610612738,126,130,1610612738,,17727.0,,,,
22500638,2026-01-23 14:30:00,Cleveland,Cavaliers,1610612739,Sacramento,Kings,1610612758,123,118,1610612739,,19432.0,,,,
22500635,2026-01-23 14:00:00,Detroit,Pistons,1610612765,Houston,Rockets,1610612745,104,111,1610612745,,20062.0,,AWS NBA Rivals Week,,
22500633,2026-01-22 17:00:00,LA,Clippers,1610612746,Los Angeles,Lakers,1610612747,112,104,1610612746,,17927.0,,AWS NBA Rivals Week,,
22500634,2026-01-22 17:00:00,Portland,Trail Blazers,1610612757,Miami,Heat,1610612748,127,110,1610612757,,16824.0,,,,
22500632,2026-01-22 16:00:00,Utah,Jazz,1610612762,San Antonio,Spurs,1610612759,109,126,1610612759,,18186.0,,,,
22500631,2026-01-22 15:00:00,Minnesota,Timberwolves,1610612750,Chicago,Bulls,1610612741,115,120,1610612741,,17463.0,,,,
22500630,2026-01-22 14:30:00,Dallas,Mavericks,1610612742,Golden State,Warriors,1610612744,123,115,1610612742,,19432.0,,AWS NBA Rivals Week,,
22500629,2026-01-22 14:00:00,Washington,Wizards,1610612764,Denver,Nuggets,1610612743,97,107,1610612743,,15040.0,,,,
22500628,2026-01-22 14:00:00,Philadelphia,76ers,1610612755,Houston,Rockets,1610612745,128,122,1610612755,,19746.0,,,,
22500627,2026-01-22 14:00:00,Orlando,Magic,1610612753,Charlotte,Hornets,1610612766,97,124,1610612766,,19423.0,,,,
22500626,2026-01-21 17:00:00,Sacramento,Kings,1610612758,Toronto,Raptors,1610612761,109,122,1610612761,,16182.0,,,,
22500625,2026-01-21 16:30:00,Milwaukee,Bucks,1610612749,Oklahoma City,Thunder,1610612760,102,122,1610612760,,16594.0,,AWS NBA Rivals Week,,
22500623,2026-01-21 15:00:00,Memphis,Grizzlies,1610612763,Atlanta,Hawks,1610612737,122,124,1610612737,,15054.0,,,,
22500624,2026-01-21 15:00:00,New Orleans,Pelicans,1610612740,Detroit,Pistons,1610612765,104,112,1610612765,,15502.0,,,,
22500621,2026-01-21 14:30:00,Boston,Celtics,1610612738,Indiana,Pacers,1610612754,119,104,1610612738,,19156.0,,,,
22500622,2026-01-21 14:30:00,New York,Knicks,1610612752,Brooklyn,Nets,1610612751,120,66,1610612752,,19812.0,,,,
22500620,2026-01-21 14:00:00,Charlotte,Hornets,1610612766,Cleveland,Cavaliers,1610612739,87,94,1610612739,,17619.0,,AWS NBA Rivals Week,,
22500619,2026-01-20 17:00:00,Sacramento,Kings,1610612758,Miami,Heat,1610612748,117,130,1610612748,,11381.0,,,,
22500618,2026-01-20 17:00:00,Golden State,Warriors,1610612744,Toronto,Raptors,1610612761,127,145,1610612761,,18064.0,,,,
22500617,2026-01-20 17:00:00,Denver,Nuggets,1610612743,Los Angeles,Lakers,1610612747,107,115,1610612747,,19974.0,,AWS NBA Rivals Week,,
22500616,2026-01-20 16:00:00,Utah,Jazz,1610612762,Minnesota,Timberwolves,1610612750,127,122,1610612762,,18186.0,,,,
22500614,2026-01-20 15:00:00,Chicago,Bulls,1610612741,LA,Clippers,1610612746,138,110,1610612741,,18536.0,,,,
22500615,2026-01-20 15:00:00,Houston,Rockets,1610612745,San Antonio,Spurs,1610612759,111,106,1610612745,,18055.0,,AWS NBA Rivals Week,,
22500613,2026-01-20 14:00:00,Philadelphia,76ers,1610612755,Phoenix,Suns,1610612756,110,116,1610612756,,17839.0,,,,
22500612,2026-01-19 17:00:00,Golden State,Warriors,1610612744,Miami,Heat,1610612748,135,112,1610612744,,18064.0,,,,
22500017,2026-01-19 15:00:00,Detroit,Pistons,1610612765,Boston,Celtics,1610612738,104,103,1610612765,,19996.0,,,,
22500610,2026-01-19 14:30:00,Brooklyn,Nets,1610612751,Phoenix,Suns,1610612756,117,126,1610612756,,17344.0,,,,
22500609,2026-01-19 14:00:00,Philadelphia,76ers,1610612755,Indiana,Pacers,1610612754,113,104,1610612755,,18005.0,,,,
22500611,2026-01-19 12:00:00,San Antonio,Spurs,1610612759,Utah,Jazz,1610612762,123,110,1610612759,,18354.0,,,,
22500016,2026-01-19 12:00:00,New York,Knicks,1610612752,Dallas,Mavericks,1610612742,97,114,1610612742,,19812.0,,,,
22500608,2026-01-19 10:00:00,Washington,Wizards,1610612764,LA,Clippers,1610612746,106,110,1610612746,,16630.0,,,,
22500015,2026-01-19 09:30:00,Cleveland,Cavaliers,1610612739,Oklahoma City,Thunder,1610612760,104,136,1610612760,,19432.0,,,,
22500014,2026-01-19 08:00:00,Atlanta,Hawks,1610612737,Milwaukee,Bucks,1610612749,110,112,1610612749,,16284.0,,,,
22500607,2026-01-18 16:30:00,Los Angeles,Lakers,1610612747,Toronto,Raptors,1610612761,110,93,1610612747,,18997.0,,,,
22500606,2026-01-18 16:00:00,Sacramento,Kings,1610612758,Portland,Trail Blazers,1610612757,110,117,1610612757,,16241.0,,,,
22500605,2026-01-18 15:00:00,Denver,Nuggets,1610612743,Charlotte,Hornets,1610612766,87,110,1610612766,,19971.0,,,,
22500603,2026-01-18 14:00:00,Chicago,Bulls,1610612741,Brooklyn,Nets,1610612751,124,102,1610612741,,19753.0,,,,
22500604,2026-01-18 14:00:00,Houston,Rockets,1610612745,New Orleans,Pelicans,1610612740,119,110,1610612745,,18055.0,,,,
22500602,2026-01-18 07:00:00,Memphis,Grizzlies,1610612763,Orlando,Magic,1610612753,126,109,1610612763,Global Games,18424.0,,NBA London Game,,
22500601,2026-01-17 17:00:00,Portland,Trail Blazers,1610612757,Los Angeles,Lakers,1610612747,132,116,1610612757,,19335.0,,,,
22500600,2026-01-17 16:00:00,Denver,Nuggets,1610612743,Washington,Wizards,1610612764,121,115,1610612743,,19968.0,,,,
22500599,2026-01-17 15:30:00,Golden State,Warriors,1610612744,Charlotte,Hornets,1610612766,136,116,1610612744,,18064.0,,,,
22500597,2026-01-17 15:00:00,Miami,Heat,1610612748,Oklahoma City,Thunder,1610612760,122,120,1610612748,,19704.0,,,,
22500598,2026-01-17 15:00:00,San Antonio,Spurs,1610612759,Minnesota,Timberwolves,1610612750,126,123,1610612759,,18527.0,,,,
22500596,2026-01-17 14:30:00,New York,Knicks,1610612752,Phoenix,Suns,1610612756,99,106,1610612756,,19812.0,,,,
22500594,2026-01-17 14:30:00,Atlanta,Hawks,1610612737,Boston,Celtics,1610612738,106,132,1610612738,,17489.0,,,,
22500595,2026-01-17 14:30:00,Detroit,Pistons,1610612765,Indiana,Pacers,1610612754,121,78,1610612765,,20062.0,,,,
22500593,2026-01-17 12:00:00,Dallas,Mavericks,1610612742,Utah,Jazz,1610612762,138,120,1610612742,,20031.0,,,,
22500592,2026-01-16 17:00:00,Sacramento,Kings,1610612758,Washington,Wizards,1610612764,128,115,1610612758,,16339.0,,,,
22500591,2026-01-16 16:30:00,Houston,Rockets,1610612745,Minnesota,Timberwolves,1610612750,110,105,1610612745,,18055.0,,,,
22500590,2026-01-16 14:30:00,Toronto,Raptors,1610612761,LA,Clippers,1610612746,117,121,1610612746,,18934.0,,,,
22500587,2026-01-16 14:30:00,Brooklyn,Nets,1610612751,Chicago,Bulls,1610612741,112,109,1610612751,,17548.0,,,,
22500588,2026-01-16 14:00:00,Indiana,Pacers,1610612754,New Orleans,Pelicans,1610612740,127,119,1610612754,,16753.0,,,,
22500589,2026-01-16 14:00:00,Philadelphia,76ers,1610612755,Cleveland,Cavaliers,1610612739,115,117,1610612739,,19746.0,,,,
22500586,2026-01-15 17:30:00,Los Angeles,Lakers,1610612747,Charlotte,Hornets,1610612766,117,135,1610612766,,18997.0,,,,
22500584,2026-01-15 17:00:00,Golden State,Warriors,1610612744,New York,Knicks,1610612752,126,113,1610612744,,18064.0,,,,
22500585,2026-01-15 17:00:00,Portland,Trail Blazers,1610612757,Atlanta,Hawks,1610612737,117,101,1610612757,,16196.0,,,,
22500583,2026-01-15 15:30:00,Dallas,Mavericks,1610612742,Utah,Jazz,1610612762,144,122,1610612742,,18613.0,,,,
22500582,2026-01-15 15:00:00,San Antonio,Spurs,1610612759,Milwaukee,Bucks,1610612749,119,101,1610612759,,18611.0,,,,
22500580,2026-01-15 14:30:00,Miami,Heat,1610612748,Boston,Celtics,1610612738,114,119,1610612738,,19700.0,,,,
22500581,2026-01-15 14:30:00,Houston,Rockets,1610612745,Oklahoma City,Thunder,1610612760,91,111,1610612760,,18055.0,,,,
22500579,2026-01-15 14:00:00,Detroit,Pistons,1610612765,Phoenix,Suns,1610612756,108,105,1610612765,,19199.0,,,,
22500578,2026-01-15 09:00:00,Orlando,Magic,1610612753,Memphis,Grizzlies,1610612763,118,111,1610612753,Global Games,,,NBA Berlin Game,,
22500577,2026-01-14 17:30:00,LA,Clippers,1610612746,Washington,Wizards,1610612764,119,105,1610612746,,15452.0,,,,
22500576,2026-01-14 17:00:00,Sacramento,Kings,1610612758,New York,Knicks,1610612752,112,101,1610612758,,15095.0,,,,
22500575,2026-01-14 16:30:00,Dallas,Mavericks,1610612742,Denver,Nuggets,1610612743,109,118,1610612743,,18888.0,,,,
22500574,2026-01-14 15:00:00,New Orleans,Pelicans,1610612740,Brooklyn,Nets,1610612751,116,113,1610612740,,16201.0,,,,
22500573,2026-01-14 15:00:00,Chicago,Bulls,1610612741,Utah,Jazz,1610612762,128,126,1610612741,,18859.0,,,,
22500571,2026-01-14 14:00:00,Indiana,Pacers,1610612754,Toronto,Raptors,1610612761,101,115,1610612761,,15789.0,,,,
22500572,2026-01-14 14:00:00,Philadelphia,76ers,1610612755,Cleveland,Cavaliers,1610612739,107,133,1610612739,,19746.0,,,,
22500570,2026-01-13 18:00:00,Golden State,Warriors,1610612744,Portland,Trail Blazers,1610612757,119,97,1610612744,,18064.0,,,,
22500569,2026-01-13 17:30:00,Los Angeles,Lakers,1610612747,Atlanta,Hawks,1610612737,141,116,1610612747,,18757.0,,,,
22500567,2026-01-13 15:00:00,New Orleans,Pelicans,1610612740,Denver,Nuggets,1610612743,116,122,1610612743,,17309.0,,,,
22500566,2026-01-13 15:00:00,Milwaukee,Bucks,1610612749,Minnesota,Timberwolves,1610612750,106,139,1610612750,,17341.0,,,,
22500568,2026-01-13 15:00:00,Oklahoma City,Thunder,1610612760,San Antonio,Spurs,1610612759,119,98,1610612760,,18203.0,,,,
22500565,2026-01-13 15:00:00,Houston,Rockets,1610612745,Chicago,Bulls,1610612741,119,113,1610612745,,18055.0,,,,
22500564,2026-01-13 14:30:00,Miami,Heat,1610612748,Phoenix,Suns,1610612756,127,121,1610612748,,19700.0,,,,
22500563,2026-01-12 17:30:00,LA,Clippers,1610612746,Charlotte,Hornets,1610612766,117,109,1610612746,,17927.0,,,,
22500562,2026-01-12 17:00:00,Sacramento,Kings,1610612758,Los Angeles,Lakers,1610612747,124,112,1610612758,,17832.0,,,,
22500561,2026-01-12 15:30:00,Dallas,Mavericks,1610612742,Brooklyn,Nets,1610612751,113,105,1610612742,,18632.0,,,,
22500559,2026-01-12 14:30:00,Indiana,Pacers,1610612754,Boston,Celtics,1610612738,98,96,1610612754,,15650.0,,,,
22500560,2026-01-12 14:30:00,Toronto,Raptors,1610612761,Philadelphia,76ers,1610612755,102,115,1610612755,,18127.0,,,,
22500558,2026-01-12 14:00:00,Cleveland,Cavaliers,1610612739,Utah,Jazz,1610612762,112,123,1610612762,,19432.0,,,,
22500557,2026-01-11 16:00:00,Sacramento,Kings,1610612758,Houston,Rockets,1610612745,111,98,1610612758,,15268.0,,,,
22500556,2026-01-11 15:30:00,Golden State,Warriors,1610612744,Atlanta,Hawks,1610612737,111,124,1610612737,,18064.0,,,,
22500555,2026-01-11 15:00:00,Phoenix,Suns,1610612756,Washington,Wizards,1610612764,112,93,1610612756,,17071.0,,,,
22500554,2026-01-11 15:00:00,Denver,Nuggets,1610612743,Milwaukee,Bucks,1610612749,108,104,1610612743,,19645.0,,,,
22500553,2026-01-11 14:00:00,Oklahoma City,Thunder,1610612760,Miami,Heat,1610612748,124,112,1610612760,,18203.0,,,,
22500552,2026-01-11 14:00:00,Minnesota,Timberwolves,1610612750,San Antonio,Spurs,1610612759,104,103,1610612750,,18978.0,,,,
22500550,2026-01-11 13:00:00,Toronto,Raptors,1610612761,Philadelphia,76ers,1610612755,116,115,1610612761,,18130.0,,,,
22500551,2026-01-11 13:00:00,Portland,Trail Blazers,1610612757,New York,Knicks,1610612752,114,123,1610612752,,,,,,
22500549,2026-01-11 10:30:00,Memphis,Grizzlies,1610612763,Brooklyn,Nets,1610612751,103,98,1610612763,,15578.0,,,,
22500548,2026-01-11 10:00:00,Orlando,Magic,1610612753,New Orleans,Pelicans,1610612740,128,118,1610612753,,19059.0,,,,
22500547,2026-01-10 16:30:00,Utah,Jazz,1610612762,Charlotte,Hornets,1610612766,95,150,1610612766,,18186.0,,,,
22500546,2026-01-10 15:00:00,Chicago,Bulls,1610612741,Dallas,Mavericks,1610612742,125,107,1610612741,,19753.0,,,,
22500545,2026-01-10 15:00:00,Boston,Celtics,1610612738,San Antonio,Spurs,1610612759,95,100,1610612759,,19156.0,,,,
22500544,2026-01-10 14:30:00,Detroit,Pistons,1610612765,LA,Clippers,1610612746,92,98,1610612746,,20062.0,,,,
22500543,2026-01-10 14:00:00,Indiana,Pacers,1610612754,Miami,Heat,1610612748,123,99,1610612754,,17274.0,,,,
22500542,2026-01-10 08:00:00,Cleveland,Cavaliers,1610612739,Minnesota,Timberwolves,1610612750,146,134,1610612739,,19432.0,,,,
22500541,2026-01-09 17:30:00,Los Angeles,Lakers,1610612747,Milwaukee,Bucks,1610612749,101,105,1610612749,,18997.0,,,,
22500539,2026-01-09 17:00:00,Golden State,Warriors,1610612744,Sacramento,Kings,1610612758,137,103,1610612744,,18064.0,,,,
22500540,2026-01-09 17:00:00,Portland,Trail Blazers,1610612757,Houston,Rockets,1610612745,111,105,1610612757,,17012.0,,,,
22500538,2026-01-09 16:00:00,Phoenix,Suns,1610612756,New York,Knicks,1610612752,112,107,1610612756,,17071.0,,,,
22500537,2026-01-09 16:00:00,Denver,Nuggets,1610612743,Atlanta,Hawks,1610612737,87,110,1610612737,,19650.0,,,,
22500536,2026-01-09 15:00:00,Memphis,Grizzlies,1610612763,Oklahoma City,Thunder,1610612760,116,117,1610612760,,15717.0,,,,
22500535,2026-01-09 14:30:00,Brooklyn,Nets,1610612751,LA,Clippers,1610612746,105,121,1610612746,,17548.0,,,,
22500532,2026-01-09 14:00:00,Boston,Celtics,1610612738,Toronto,Raptors,1610612761,125,117,1610612738,,19156.0,,,,
22500533,2026-01-09 14:00:00,Orlando,Magic,1610612753,Philadelphia,76ers,1610612755,91,103,1610612755,,19271.0,,,,
22500534,2026-01-09 14:00:00,Washington,Wizards,1610612764,New Orleans,Pelicans,1610612740,107,128,1610612740,,16563.0,,,,
22500529,2026-01-08 20:00:00,Chicago,Bulls,1610612741,Miami,Heat,1610612748,0,0,1610612748,,,,,,
22500531,2026-01-08 16:00:00,Utah,Jazz,1610612762,Dallas,Mavericks,1610612742,116,114,1610612762,,18186.0,,,,
22500530,2026-01-08 15:00:00,Minnesota,Timberwolves,1610612750,Cleveland,Cavaliers,1610612739,131,122,1610612750,,17274.0,,,,
22500528,2026-01-08 14:00:00,Charlotte,Hornets,1610612766,Indiana,Pacers,1610612754,112,114,1610612754,,17342.0,,,,
22500527,2026-01-07 17:00:00,Portland,Trail Blazers,1610612757,Houston,Rockets,1610612745,103,102,1610612757,,16144.0,,,,
22500526,2026-01-07 17:00:00,Golden State,Warriors,1610612744,Milwaukee,Bucks,1610612749,120,113,1610612744,,18064.0,,,,
22500523,2026-01-07 16:30:00,San Antonio,Spurs,1610612759,Los Angeles,Lakers,1610612747,107,91,1610612759,,19329.0,,,,
22500524,2026-01-07 15:00:00,Memphis,Grizzlies,1610612763,Phoenix,Suns,1610612756,98,117,1610612756,,14268.0,,,,
22500525,2026-01-07 15:00:00,Oklahoma City,Thunder,1610612760,Utah,Jazz,1610612762,129,125,1610612760,,18203.0,,,,
22500521,2026-01-07 14:30:00,Brooklyn,Nets,1610612751,Orlando,Magic,1610612753,103,104,1610612753,,16916.0,,,,
22500519,2026-01-07 14:30:00,Atlanta,Hawks,1610612737,New Orleans,Pelicans,1610612740,117,100,1610612737,,15993.0,,,,
22500522,2026-01-07 14:30:00,New York,Knicks,1610612752,LA,Clippers,1610612746,123,111,1610612752,,19812.0,,,,
22500517,2026-01-07 14:00:00,Detroit,Pistons,1610612765,Chicago,Bulls,1610612741,108,93,1610612765,,19501.0,,,,
22500516,2026-01-07 14:00:00,Charlotte,Hornets,1610612766,Toronto,Raptors,1610612761,96,97,1610612761,,17337.0,,,,
22500520,2026-01-07 14:00:00,Boston,Celtics,1610612738,Denver,Nuggets,1610612743,110,114,1610612743,,19156.0,,,,
22500518,2026-01-07 14:00:00,Philadelphia,76ers,1610612755,Washington,Wizards,1610612764,131,110,1610612755,,19746.0,,,,
22500515,2026-01-06 18:00:00,Sacramento,Kings,1610612758,Dallas,Mavericks,1610612742,98,100,1610612742,,15058.0,,,,
22500513,2026-01-06 15:00:00,Minnesota,Timberwolves,1610612750,Miami,Heat,1610612748,122,94,1610612750,,17023.0,,,,
22500512,2026-01-06 15:00:00,Memphis,Grizzlies,1610612763,San Antonio,Spurs,1610612759,106,105,1610612763,,14551.0,,,,
22500514,2026-01-06 15:00:00,New Orleans,Pelicans,1610612740,Los Angeles,Lakers,1610612747,103,111,1610612747,,18227.0,,,,
22500511,2026-01-06 14:00:00,Washington,Wizards,1610612764,Orlando,Magic,1610612753,120,112,1610612764,,13724.0,,,,
22500510,2026-01-06 14:00:00,Indiana,Pacers,1610612754,Cleveland,Cavaliers,1610612739,116,120,1610612739,,16007.0,,,,
22500508,2026-01-05 17:00:00,LA,Clippers,1610612746,Golden State,Warriors,1610612744,103,102,1610612746,,17927.0,,,,
22500509,2026-01-05 17:00:00,Portland,Trail Blazers,1610612757,Utah,Jazz,1610612762,137,117,1610612757,,16785.0,,,,
22500507,2026-01-05 15:30:00,Philadelphia,76ers,1610612755,Denver,Nuggets,1610612743,124,125,1610612743,,18521.0,,,,
22500505,2026-01-05 15:00:00,Houston,Rockets,1610612745,Phoenix,Suns,1610612756,100,97,1610612745,,18055.0,,,,
22500506,2026-01-05 15:00:00,Oklahoma City,Thunder,1610612760,Charlotte,Hornets,1610612766,97,124,1610612766,,18203.0,,,,
22500503,2026-01-05 14:30:00,Boston,Celtics,1610612738,Chicago,Bulls,1610612741,115,101,1610612738,,19156.0,,,,
22500504,2026-01-05 14:30:00,Toronto,Raptors,1610612761,Atlanta,Hawks,1610612737,118,100,1610612761,,17194.0,,,,
22500502,2026-01-05 14:00:00,Detroit,Pistons,1610612765,New York,Knicks,1610612752,121,90,1610612765,,20032.0,,,,
22500501,2026-01-04 16:30:00,Los Angeles,Lakers,1610612747,Memphis,Grizzlies,1610612763,120,114,1610612747,,18997.0,,,,
22500500,2026-01-04 16:00:00,Sacramento,Kings,1610612758,Milwaukee,Bucks,1610612749,98,115,1610612749,,15892.0,,,,
22500499,2026-01-04 15:00:00,Phoenix,Suns,1610612756,Oklahoma City,Thunder,1610612760,108,105,1610612756,,17071.0,,,,
22500498,2026-01-04 13:00:00,Washington,Wizards,1610612764,Minnesota,Timberwolves,1610612750,115,141,1610612750,,16728.0,,,,
22500497,2026-01-04 13:00:00,Miami,Heat,1610612748,New Orleans,Pelicans,1610612740,125,106,1610612748,,19600.0,,,,
22500496,2026-01-04 10:30:00,Brooklyn,Nets,1610612751,Denver,Nuggets,1610612743,127,115,1610612751,,17548.0,,,,
22500495,2026-01-04 10:00:00,Orlando,Magic,1610612753,Indiana,Pacers,1610612754,135,127,1610612753,,19382.0,,,,
22500494,2026-01-04 09:00:00,Cleveland,Cavaliers,1610612739,Detroit,Pistons,1610612765,110,114,1610612765,,19432.0,,,,
22500493,2026-01-03 17:30:00,LA,Clippers,1610612746,Boston,Celtics,1610612738,115,146,1610612738,,17927.0,,,,
22500492,2026-01-03 17:00:00,Golden State,Warriors,1610612744,Utah,Jazz,1610612762,123,114,1610612744,,18064.0,,,,
22500491,2026-01-03 15:30:00,Dallas,Mavericks,1610612742,Houston,Rockets,1610612745,110,104,1610612742,,19703.0,,,,
22500490,2026-01-03 15:00:00,San Antonio,Spurs,1610612759,Portland,Trail Blazers,1610612757,110,115,1610612757,,18652.0,,,,
22500489,2026-01-03 15:00:00,Chicago,Bulls,1610612741,Charlotte,Hornets,1610612766,99,112,1610612766,,21315.0,,,,
22500487,2026-01-03 14:30:00,New York,Knicks,1610612752,Philadelphia,76ers,1610612755,119,130,1610612755,,19390.0,,,,
22500488,2026-01-03 14:30:00,Toronto,Raptors,1610612761,Atlanta,Hawks,1610612737,134,117,1610612761,,19028.0,,,,
22500486,2026-01-03 12:00:00,Miami,Heat,1610612748,Minnesota,Timberwolves,1610612750,115,125,1610612750,,19893.0,,,,
22500485,2026-01-02 17:30:00,Los Angeles,Lakers,1610612747,Memphis,Grizzlies,1610612763,128,121,1610612747,,18997.0,,,,
22500484,2026-01-02 17:00:00,Golden State,Warriors,1610612744,Oklahoma City,Thunder,1610612760,94,131,1610612760,,18064.0,,,,
22500483,2026-01-02 16:00:00,Phoenix,Suns,1610612756,Sacramento,Kings,1610612758,129,102,1610612756,,17071.0,,,,
22500480,2026-01-02 15:00:00,Chicago,Bulls,1610612741,Orlando,Magic,1610612753,121,114,1610612741,,21245.0,,,,
22500482,2026-01-02 15:00:00,New Orleans,Pelicans,1610612740,Portland,Trail Blazers,1610612757,109,122,1610612757,,16812.0,,,,
22500481,2026-01-02 15:00:00,Milwaukee,Bucks,1610612749,Charlotte,Hornets,1610612766,122,121,1610612749,,17673.0,,,,
22500479,2026-01-02 14:30:00,New York,Knicks,1610612752,Atlanta,Hawks,1610612737,99,111,1610612737,,19812.0,,,,
22500478,2026-01-02 14:30:00,Cleveland,Cavaliers,1610612739,Denver,Nuggets,1610612743,113,108,1610612739,,19432.0,,,,
22500477,2026-01-02 14:00:00,Washington,Wizards,1610612764,Brooklyn,Nets,1610612751,119,99,1610612764,,16486.0,,,,
22500476,2026-01-02 14:00:00,Indiana,Pacers,1610612754,San Antonio,Spurs,1610612759,113,123,1610612759,,17013.0,,,,
22500475,2026-01-01 17:30:00,LA,Clippers,1610612746,Utah,Jazz,1610612762,118,101,1610612746,,17927.0,,,,
22500474,2026-01-01 17:00:00,Sacramento,Kings,1610612758,Boston,Celtics,1610612738,106,120,1610612738,,17832.0,,,,
22500473,2026-01-01 15:30:00,Dallas,Mavericks,1610612742,Philadelphia,76ers,1610612755,108,123,1610612755,,19832.0,,,,
22500472,2026-01-01 14:00:00,Detroit,Pistons,1610612765,Miami,Heat,1610612748,112,118,1610612748,,20062.0,,,,
22500471,2026-01-01 13:00:00,Brooklyn,Nets,1610612751,Houston,Rockets,1610612745,96,120,1610612745,,18003.0,,,,
22500470,2025-12-31 15:00:00,Oklahoma City,Thunder,1610612760,Portland,Trail Blazers,1610612757,124,95,1610612760,,18203.0,,,,
22500469,2025-12-31 15:00:00,Milwaukee,Bucks,1610612749,Washington,Wizards,1610612764,113,114,1610612764,,17341.0,,,,
22500468,2025-12-31 14:30:00,Toronto,Raptors,1610612761,Denver,Nuggets,1610612743,103,106,1610612743,,19181.0,,,,
22500466,2025-12-31 14:00:00,Chicago,Bulls,1610612741,New Orleans,Pelicans,1610612740,134,118,1610612741,,20527.0,,,,
22500467,2025-12-31 14:00:00,San Antonio,Spurs,1610612759,New York,Knicks,1610612752,134,132,1610612759,,18602.0,,,,
22500465,2025-12-31 10:30:00,Cleveland,Cavaliers,1610612739,Phoenix,Suns,1610612756,129,113,1610612739,,19432.0,,,,
22500463,2025-12-31 10:00:00,Atlanta,Hawks,1610612737,Minnesota,Timberwolves,1610612750,126,102,1610612737,,16345.0,,,,
22500464,2025-12-31 10:00:00,Indiana,Pacers,1610612754,Orlando,Magic,1610612753,110,112,1610612753,,16504.0,,,,
22500462,2025-12-31 08:00:00,Charlotte,Hornets,1610612766,Golden State,Warriors,1610612744,125,132,1610612744,,19685.0,,,,
22500461,2025-12-30 18:00:00,LA,Clippers,1610612746,Sacramento,Kings,1610612758,131,90,1610612746,,17927.0,,,,
22500460,2025-12-30 17:30:00,Los Angeles,Lakers,1610612747,Detroit,Pistons,1610612765,106,128,1610612765,,18997.0,,,,
22500459,2025-12-30 16:00:00,Utah,Jazz,1610612762,Boston,Celtics,1610612738,119,129,1610612738,,18186.0,,,,
22500458,2025-12-30 15:00:00,Memphis,Grizzlies,1610612763,Philadelphia,76ers,1610612755,136,139,1610612755,,15668.0,,,,
22500457,2025-12-29 17:30:00,Portland,Trail Blazers,1610612757,Dallas,Mavericks,1610612742,125,122,1610612757,,18067.0,,,,
22500453,2025-12-29 15:00:00,Houston,Rockets,1610612745,Indiana,Pacers,1610612754,126,119,1610612745,,18055.0,,,,
22500452,2025-12-29 15:00:00,Chicago,Bulls,1610612741,Minnesota,Timberwolves,1610612750,101,136,1610612750,,21429.0,,,,
22500455,2025-12-29 15:00:00,Oklahoma City,Thunder,1610612760,Atlanta,Hawks,1610612737,140,129,1610612760,,18203.0,,,,
22500456,2025-12-29 15:00:00,San Antonio,Spurs,1610612759,Cleveland,Cavaliers,1610612739,101,113,1610612739,,19010.0,,,,
22500454,2025-12-29 15:00:00,New Orleans,Pelicans,1610612740,New York,Knicks,1610612752,125,130,1610612752,,17041.0,,,,
22500449,2025-12-29 14:30:00,Brooklyn,Nets,1610612751,Golden State,Warriors,1610612744,107,120,1610612744,,18163.0,,,,
22500450,2025-12-29 14:30:00,Miami,Heat,1610612748,Denver,Nuggets,1610612743,147,123,1610612748,,20047.0,,,,
22500451,2025-12-29 14:30:00,Toronto,Raptors,1610612761,Orlando,Magic,1610612753,107,106,1610612761,,19800.0,,,,
22500448,2025-12-29 14:00:00,Washington,Wizards,1610612764,Phoenix,Suns,1610612756,101,115,1610612756,,16982.0,,,,
22500447,2025-12-29 14:00:00,Charlotte,Hornets,1610612766,Milwaukee,Bucks,1610612749,113,123,1610612749,,19562.0,,,,
22500446,2025-12-28 16:30:00,Los Angeles,Lakers,1610612747,Sacramento,Kings,1610612758,125,101,1610612747,,18997.0,,,,
22500445,2025-12-28 16:00:00,LA,Clippers,1610612746,Detroit,Pistons,1610612765,112,99,1610612746,,17927.0,,,,
22500444,2025-12-28 13:00:00,Portland,Trail Blazers,1610612757,Boston,Celtics,1610612738,114,108,1610612757,,17949.0,,,,
22500443,2025-12-28 13:00:00,Washington,Wizards,1610612764,Memphis,Grizzlies,1610612763,116,112,1610612764,,16681.0,,,,
22500442,2025-12-28 10:30:00,Oklahoma City,Thunder,1610612760,Philadelphia,76ers,1610612755,129,104,1610612760,,18203.0,,,,
22500441,2025-12-28 10:30:00,Toronto,Raptors,1610612761,Golden State,Warriors,1610612744,141,127,1610612761,,19800.0,,,,
22500438,2025-12-27 15:00:00,Houston,Rockets,1610612745,Cleveland,Cavaliers,1610612739,117,100,1610612745,,18067.0,,,,
22500437,2025-12-27 15:00:00,Chicago,Bulls,1610612741,Milwaukee,Bucks,1610612749,103,112,1610612749,,20934.0,,,,
22500439,2025-12-27 15:00:00,Minnesota,Timberwolves,1610612750,Brooklyn,Nets,1610612751,107,123,1610612751,,18978.0,,,,
22500436,2025-12-27 15:00:00,Miami,Heat,1610612748,Indiana,Pacers,1610612754,142,116,1610612748,,19715.0,,,,
22500440,2025-12-27 15:00:00,San Antonio,Spurs,1610612759,Utah,Jazz,1610612762,114,127,1610612762,,19060.0,,,,
22500435,2025-12-27 15:00:00,Atlanta,Hawks,1610612737,New York,Knicks,1610612752,125,128,1610612752,,17809.0,,,,
22500434,2025-12-27 14:00:00,New Orleans,Pelicans,1610612740,Phoenix,Suns,1610612756,114,123,1610612756,,16914.0,,,,
22500433,2025-12-27 14:00:00,Orlando,Magic,1610612753,Denver,Nuggets,1610612743,127,126,1610612753,,19151.0,,,,
22500432,2025-12-27 12:00:00,Sacramento,Kings,1610612758,Dallas,Mavericks,1610612742,113,107,1610612758,,17832.0,,,,
22500431,2025-12-26 17:00:00,Portland,Trail Blazers,1610612757,LA,Clippers,1610612746,103,119,1610612746,,17839.0,,,,
22500430,2025-12-26 16:30:00,Utah,Jazz,1610612762,Detroit,Pistons,1610612765,131,129,1610612762,,18186.0,,,,
22500428,2025-12-26 15:00:00,Memphis,Grizzlies,1610612763,Milwaukee,Bucks,1610612749,125,104,1610612763,,16617.0,,,,
22500429,2025-12-26 15:00:00,New Orleans,Pelicans,1610612740,Phoenix,Suns,1610612756,108,115,1610612756,,16643.0,,,,
22500427,2025-12-26 14:30:00,Chicago,Bulls,1610612741,Philadelphia,76ers,1610612755,109,102,1610612741,,20952.0,,,,
22500426,2025-12-26 14:00:00,Indiana,Pacers,1610612754,Boston,Celtics,1610612738,122,140,1610612738,,17004.0,,,,
22500424,2025-12-26 14:00:00,Orlando,Magic,1610612753,Charlotte,Hornets,1610612766,105,120,1610612766,,19397.0,,,,
22500423,2025-12-26 14:00:00,Atlanta,Hawks,1610612737,Miami,Heat,1610612748,111,126,1610612748,,15664.0,,,,
22500425,2025-12-26 14:00:00,Washington,Wizards,1610612764,Toronto,Raptors,1610612761,138,117,1610612764,,15575.0,,,,
22500013,2025-12-25 17:30:00,Denver,Nuggets,1610612743,Minnesota,Timberwolves,1610612750,142,138,1610612743,,20046.0,,,,
22500012,2025-12-25 15:00:00,Los Angeles,Lakers,1610612747,Houston,Rockets,1610612745,96,119,1610612745,,18997.0,,,,
22500011,2025-12-25 12:00:00,Golden State,Warriors,1610612744,Dallas,Mavericks,1610612742,126,116,1610612744,,18064.0,,,,
22500010,2025-12-25 09:30:00,Oklahoma City,Thunder,1610612760,San Antonio,Spurs,1610612759,102,117,1610612759,,18203.0,,,,
22500009,2025-12-25 07:00:00,New York,Knicks,1610612752,Cleveland,Cavaliers,1610612739,126,124,1610612752,,19812.0,,,,
22500422,2025-12-23 17:30:00,LA,Clippers,1610612746,Houston,Rockets,1610612745,128,108,1610612746,,17927.0,,,,
22500420,2025-12-23 17:00:00,Portland,Trail Blazers,1610612757,Orlando,Magic,1610612753,106,110,1610612753,,17073.0,,,,
22500421,2025-12-23 17:00:00,Sacramento,Kings,1610612758,Detroit,Pistons,1610612765,127,136,1610612765,,17832.0,,,,
22500418,2025-12-23 16:00:00,Phoenix,Suns,1610612756,Los Angeles,Lakers,1610612747,132,108,1610612756,,17071.0,,,,
22500419,2025-12-23 16:00:00,Utah,Jazz,1610612762,Memphis,Grizzlies,1610612763,128,137,1610612763,,18186.0,,,,
22500417,2025-12-23 15:30:00,San Antonio,Spurs,1610612759,Oklahoma City,Thunder,1610612760,130,110,1610612759,,19133.0,,,,
22500415,2025-12-23 15:00:00,Dallas,Mavericks,1610612742,Denver,Nuggets,1610612743,131,130,1610612742,,19432.0,,,,
22500416,2025-12-23 15:00:00,Minnesota,Timberwolves,1610612750,New York,Knicks,1610612752,115,104,1610612750,,18978.0,,,,
22500412,2025-12-23 14:30:00,Cleveland,Cavaliers,1610612739,New Orleans,Pelicans,1610612740,141,118,1610612739,,19432.0,,,,
22500411,2025-12-23 14:30:00,Atlanta,Hawks,1610612737,Chicago,Bulls,1610612741,123,126,1610612741,,15367.0,,,,
22500414,2025-12-23 14:30:00,Miami,Heat,1610612748,Toronto,Raptors,1610612761,91,112,1610612761,,19801.0,,,,
22500413,2025-12-23 14:30:00,Indiana,Pacers,1610612754,Milwaukee,Bucks,1610612749,94,111,1610612749,,16509.0,,,,
22500409,2025-12-23 14:00:00,Charlotte,Hornets,1610612766,Washington,Wizards,1610612764,126,109,1610612766,,18679.0,,,,
22500410,2025-12-23 14:00:00,Philadelphia,76ers,1610612755,Brooklyn,Nets,1610612751,106,114,1610612751,,19746.0,,,,
22500408,2025-12-22 17:00:00,Portland,Trail Blazers,1610612757,Detroit,Pistons,1610612765,102,110,1610612765,,19335.0,,,,
22500407,2025-12-22 17:00:00,Golden State,Warriors,1610612744,Orlando,Magic,1610612753,120,97,1610612744,,18064.0,,,,
22500406,2025-12-22 16:30:00,Oklahoma City,Thunder,1610612760,Memphis,Grizzlies,1610612763,119,103,1610612760,,18203.0,,,,
22500405,2025-12-22 16:00:00,Denver,Nuggets,1610612743,Utah,Jazz,1610612762,135,112,1610612743,,19887.0,,,,
22500404,2025-12-22 15:00:00,New Orleans,Pelicans,1610612740,Dallas,Mavericks,1610612742,119,113,1610612740,,16978.0,,,,
22500403,2025-12-22 14:30:00,Boston,Celtics,1610612738,Indiana,Pacers,1610612754,103,95,1610612738,,19156.0,,,,
22500402,2025-12-22 14:00:00,Cleveland,Cavaliers,1610612739,Charlotte,Hornets,1610612766,139,132,1610612739,,19432.0,,,,
22500401,2025-12-21 17:00:00,Sacramento,Kings,1610612758,Houston,Rockets,1610612745,125,124,1610612758,,15796.0,,,,
22500399,2025-12-21 14:00:00,Washington,Wizards,1610612764,San Antonio,Spurs,1610612759,113,124,1610612759,,20028.0,,,,
22500400,2025-12-21 14:00:00,Minnesota,Timberwolves,1610612750,Milwaukee,Bucks,1610612749,103,100,1610612750,,18978.0,,,,
22500397,2025-12-21 13:00:00,Brooklyn,Nets,1610612751,Toronto,Raptors,1610612761,96,81,1610612751,,17548.0,,,,
22500398,2025-12-21 13:00:00,New York,Knicks,1610612752,Miami,Heat,1610612748,132,125,1610612752,,19812.0,,,,
22500396,2025-12-21 10:30:00,Atlanta,Hawks,1610612737,Chicago,Bulls,1610612741,150,152,1610612741,,15110.0,,,,
22500394,2025-12-20 22:00:00,Sacramento,Kings,1610612758,Portland,Trail Blazers,1610612757,93,98,1610612757,,15963.0,,,,
22500395,2025-12-20 17:30:00,LA,Clippers,1610612746,Los Angeles,Lakers,1610612747,103,88,1610612746,,17927.0,,,,
22500393,2025-12-20 16:30:00,Utah,Jazz,1610612762,Orlando,Magic,1610612753,127,128,1610612753,,18186.0,,,,
22500392,2025-12-20 15:30:00,Golden State,Warriors,1610612744,Phoenix,Suns,1610612756,119,116,1610612744,,18064.0,,,,
22500391,2025-12-20 15:00:00,Memphis,Grizzlies,1610612763,Washington,Wizards,1610612764,122,130,1610612764,,15780.0,,,,
22500390,2025-12-20 14:30:00,Detroit,Pistons,1610612765,Charlotte,Hornets,1610612766,112,86,1610612765,,20062.0,,,,
22500387,2025-12-20 14:00:00,Philadelphia,76ers,1610612755,Dallas,Mavericks,1610612742,121,114,1610612755,,19056.0,,,,
22500388,2025-12-20 14:00:00,Toronto,Raptors,1610612761,Boston,Celtics,1610612738,96,112,1610612738,,19533.0,,,,
22500389,2025-12-20 14:00:00,New Orleans,Pelicans,1610612740,Indiana,Pacers,1610612754,128,109,1610612740,,16434.0,,,,
22500386,2025-12-20 12:00:00,Denver,Nuggets,1610612743,Houston,Rockets,1610612745,101,115,1610612745,,19955.0,,,,
22500385,2025-12-19 16:30:00,Minnesota,Timberwolves,1610612750,Oklahoma City,Thunder,1610612760,112,107,1610612750,,18978.0,,,,
22500383,2025-12-19 14:30:00,Atlanta,Hawks,1610612737,San Antonio,Spurs,1610612759,98,126,1610612759,,15505.0,,,,
22500384,2025-12-19 14:30:00,Cleveland,Cavaliers,1610612739,Chicago,Bulls,1610612741,125,136,1610612741,,19432.0,,,,
22500382,2025-12-19 14:00:00,New York,Knicks,1610612752,Philadelphia,76ers,1610612755,107,116,1610612755,,19812.0,,,,
22500381,2025-12-19 14:00:00,Boston,Celtics,1610612738,Miami,Heat,1610612748,129,116,1610612738,,19156.0,,,,
22500380,2025-12-18 17:00:00,Portland,Trail Blazers,1610612757,Sacramento,Kings,1610612758,134,133,1610612757,,16382.0,,,,
22500378,2025-12-18 16:00:00,Phoenix,Suns,1610612756,Golden State,Warriors,1610612744,99,98,1610612756,,17071.0,,,,
22500377,2025-12-18 16:00:00,Denver,Nuggets,1610612743,Orlando,Magic,1610612753,126,115,1610612743,,19731.0,,,,
22500379,2025-12-18 16:00:00,Utah,Jazz,1610612762,Los Angeles,Lakers,1610612747,135,143,1610612747,,18186.0,,,,
22500376,2025-12-18 15:30:00,Dallas,Mavericks,1610612742,Detroit,Pistons,1610612765,116,114,1610612742,,19600.0,,,,
22500375,2025-12-18 15:00:00,New Orleans,Pelicans,1610612740,Houston,Rockets,1610612745,133,128,1610612740,,16766.0,,,,
22500370,2025-12-18 15:00:00,San Antonio,Spurs,1610612759,Washington,Wizards,1610612764,119,94,1610612759,,18754.0,,,,
22500374,2025-12-18 15:00:00,Milwaukee,Bucks,1610612749,Toronto,Raptors,1610612761,105,111,1610612761,,17341.0,,,,
22500369,2025-12-18 15:00:00,Oklahoma City,Thunder,1610612760,LA,Clippers,1610612746,122,101,1610612760,,18203.0,,,,
22500373,2025-12-18 14:30:00,Brooklyn,Nets,1610612751,Miami,Heat,1610612748,95,106,1610612748,,17548.0,,,,
22500372,2025-12-18 14:00:00,Indiana,Pacers,1610612754,New York,Knicks,1610612752,113,114,1610612752,,15660.0,,,,
22500371,2025-12-18 14:00:00,Charlotte,Hornets,1610612766,Atlanta,Hawks,1610612737,133,126,1610612766,,16124.0,,,,
22500368,2025-12-17 15:00:00,Minnesota,Timberwolves,1610612750,Memphis,Grizzlies,1610612763,110,116,1610612763,,16287.0,,,,
22500367,2025-12-17 15:00:00,Chicago,Bulls,1610612741,Cleveland,Cavaliers,1610612739,127,111,1610612741,,18872.0,,,,
62500001,2025-12-16 20:30:00,New York,Knicks,1610612752,San Antonio,Spurs,1610612759,124,113,1610612752,in-season-knockout,18609.0,,Emirates NBA Cup,Championship,
22501226,2025-12-15 17:30:00,LA,Clippers,1610612746,Memphis,Grizzlies,1610612763,103,121,1610612763,,17927.0,,,,
22501225,2025-12-15 16:30:00,Denver,Nuggets,1610612743,Houston,Rockets,1610612745,128,125,1610612743,,19596.0,,,,
22501224,2025-12-15 16:00:00,Utah,Jazz,1610612762,Dallas,Mavericks,1610612742,140,133,1610612762,,18186.0,,,,
22501227,2025-12-15 14:30:00,Miami,Heat,1610612748,Toronto,Raptors,1610612761,96,106,1610612761,,19600.0,,,,
22501222,2025-12-15 14:00:00,Boston,Celtics,1610612738,Detroit,Pistons,1610612765,105,112,1610612765,,19156.0,,,,
22501221,2025-12-14 16:00:00,Portland,Trail Blazers,1610612757,Golden State,Warriors,1610612744,136,131,1610612757,,19064.0,,,,
22501228,2025-12-14 15:00:00,Phoenix,Suns,1610612756,Los Angeles,Lakers,1610612747,114,116,1610612747,,17071.0,,,,
22501220,2025-12-14 14:00:00,Minnesota,Timberwolves,1610612750,Sacramento,Kings,1610612758,117,103,1610612750,,15466.0,,,,
22501223,2025-12-14 14:00:00,Chicago,Bulls,1610612741,New Orleans,Pelicans,1610612740,104,114,1610612740,,18372.0,,,,
22501219,2025-12-14 13:00:00,Brooklyn,Nets,1610612751,Milwaukee,Bucks,1610612749,127,82,1610612751,,16439.0,,,,
22501217,2025-12-14 13:00:00,Atlanta,Hawks,1610612737,Philadelphia,76ers,1610612755,120,117,1610612737,,16250.0,,,,
22501218,2025-12-14 10:30:00,Cleveland,Cavaliers,1610612739,Charlotte,Hornets,1610612766,111,119,1610612766,,19432.0,,,,
22501216,2025-12-14 10:00:00,Indiana,Pacers,1610612754,Washington,Wizards,1610612764,89,108,1610612764,,16001.0,,,,
22501230,2025-12-13 16:00:00,Oklahoma City,Thunder,1610612760,San Antonio,Spurs,1610612759,109,111,1610612759,in-season-knockout,18519.0,,Emirates NBA Cup,West Semifinal,
22501229,2025-12-13 12:30:00,Orlando,Magic,1610612753,New York,Knicks,1610612752,120,132,1610612752,in-season-knockout,16697.0,,Emirates NBA Cup,East Semifinal,
22501215,2025-12-12 17:00:00,Golden State,Warriors,1610612744,Minnesota,Timberwolves,1610612750,120,127,1610612750,,18064.0,,,,
22501214,2025-12-12 15:30:00,Dallas,Mavericks,1610612742,Brooklyn,Nets,1610612751,119,111,1610612742,,19032.0,,,,
22501213,2025-12-12 15:00:00,Memphis,Grizzlies,1610612763,Utah,Jazz,1610612762,126,130,1610612762,,15502.0,,,,
22501210,2025-12-12 14:00:00,Detroit,Pistons,1610612765,Atlanta,Hawks,1610612737,142,115,1610612765,,18989.0,,,,
22501212,2025-12-12 14:00:00,Washington,Wizards,1610612764,Cleveland,Cavaliers,1610612739,126,130,1610612739,,15465.0,,,,
22501211,2025-12-12 14:00:00,Philadelphia,76ers,1610612755,Indiana,Pacers,1610612754,115,105,1610612755,,19746.0,,,,
22501209,2025-12-12 14:00:00,Charlotte,Hornets,1610612766,Chicago,Bulls,1610612741,126,129,1610612741,,16205.0,,,,
22501208,2025-12-11 17:00:00,Sacramento,Kings,1610612758,Denver,Nuggets,1610612743,105,136,1610612743,,16307.0,,,,
22501205,2025-12-11 15:00:00,Houston,Rockets,1610612745,LA,Clippers,1610612746,115,113,1610612745,,18055.0,,,,
22501207,2025-12-11 15:00:00,New Orleans,Pelicans,1610612740,Portland,Trail Blazers,1610612757,143,120,1610612740,,13448.0,,,,
22501206,2025-12-11 15:00:00,Milwaukee,Bucks,1610612749,Boston,Celtics,1610612738,116,101,1610612749,,15458.0,,,,
22501204,2025-12-10 17:00:00,Los Angeles,Lakers,1610612747,San Antonio,Spurs,1610612759,119,132,1610612759,in-season-knockout,18684.0,,Emirates NBA Cup,West Quarterfinal,
22501203,2025-12-10 14:30:00,Oklahoma City,Thunder,1610612760,Phoenix,Suns,1610612756,138,89,1610612760,in-season-knockout,18203.0,,Emirates NBA Cup,West Quarterfinal,
22501202,2025-12-09 15:30:00,Toronto,Raptors,1610612761,New York,Knicks,1610612752,101,117,1610612752,in-season-knockout,17801.0,,Emirates NBA Cup,East Quarterfinal,
22501201,2025-12-09 13:00:00,Orlando,Magic,1610612753,Miami,Heat,1610612748,117,108,1610612753,in-season-knockout,18605.0,,Emirates NBA Cup,East Quarterfinal,
22500366,2025-12-08 15:00:00,New Orleans,Pelicans,1610612740,San Antonio,Spurs,1610612759,132,135,1610612759,,15783.0,,,,
22500365,2025-12-08 14:30:00,Minnesota,Timberwolves,1610612750,Phoenix,Suns,1610612756,105,108,1610612756,,16046.0,,,,
22500364,2025-12-08 14:00:00,Indiana,Pacers,1610612754,Sacramento,Kings,1610612758,116,105,1610612754,,16465.0,,,,
22500363,2025-12-07 15:00:00,Utah,Jazz,1610612762,Oklahoma City,Thunder,1610612760,101,131,1610612760,,18186.0,,,,
22500362,2025-12-07 14:30:00,Philadelphia,76ers,1610612755,Los Angeles,Lakers,1610612747,108,112,1610612747,,20431.0,,,,
22500361,2025-12-07 14:00:00,Chicago,Bulls,1610612741,Golden State,Warriors,1610612744,91,123,1610612744,,18449.0,,,,
22500360,2025-12-07 13:00:00,Memphis,Grizzlies,1610612763,Portland,Trail Blazers,1610612757,119,96,1610612763,,14189.0,,,,
22500359,2025-12-07 13:00:00,Charlotte,Hornets,1610612766,Denver,Nuggets,1610612743,106,115,1610612743,,18416.0,,,,
22500358,2025-12-07 10:30:00,Toronto,Raptors,1610612761,Boston,Celtics,1610612738,113,121,1610612738,,18492.0,,,,
22500357,2025-12-07 07:00:00,New York,Knicks,1610612752,Orlando,Magic,1610612753,106,100,1610612752,,19812.0,,,,
22500356,2025-12-06 15:30:00,Dallas,Mavericks,1610612742,Houston,Rockets,1610612745,122,109,1610612742,,19310.0,,,,
22500355,2025-12-06 15:00:00,Minnesota,Timberwolves,1610612750,LA,Clippers,1610612746,109,106,1610612750,,17506.0,,,,
22500354,2025-12-06 15:00:00,Miami,Heat,1610612748,Sacramento,Kings,1610612758,111,127,1610612758,,19700.0,,,,
22500353,2025-12-06 14:30:00,Detroit,Pistons,1610612765,Milwaukee,Bucks,1610612749,124,112,1610612765,,19931.0,,,,
22500352,2025-12-06 14:30:00,Cleveland,Cavaliers,1610612739,Golden State,Warriors,1610612744,94,99,1610612744,,19432.0,,,,
22500351,2025-12-06 14:00:00,Washington,Wizards,1610612764,Atlanta,Hawks,1610612737,116,131,1610612737,,15596.0,,,,
22500350,2025-12-06 12:00:00,Brooklyn,Nets,1610612751,New Orleans,Pelicans,1610612740,119,101,1610612751,,17055.0,,,,
22500349,2025-12-05 16:30:00,Oklahoma City,Thunder,1610612760,Dallas,Mavericks,1610612742,132,111,1610612760,,18203.0,,,,
22500347,2025-12-05 15:00:00,Memphis,Grizzlies,1610612763,LA,Clippers,1610612746,107,98,1610612763,,15052.0,,,,
22500345,2025-12-05 15:00:00,Chicago,Bulls,1610612741,Indiana,Pacers,1610612754,105,120,1610612754,,20471.0,,,,
22500348,2025-12-05 15:00:00,Milwaukee,Bucks,1610612749,Philadelphia,76ers,1610612755,101,116,1610612755,,17341.0,,,,
22500346,2025-12-05 15:00:00,Houston,Rockets,1610612745,Phoenix,Suns,1610612756,117,98,1610612745,,18055.0,,,,
22500342,2025-12-05 14:30:00,Detroit,Pistons,1610612765,Portland,Trail Blazers,1610612757,122,116,1610612765,,19907.0,,,,
22500343,2025-12-05 14:30:00,New York,Knicks,1610612752,Utah,Jazz,1610612762,146,112,1610612752,,19812.0,,,,
22500340,2025-12-05 14:30:00,Atlanta,Hawks,1610612737,Denver,Nuggets,1610612743,133,134,1610612743,,16149.0,,,,
22500344,2025-12-05 14:30:00,Toronto,Raptors,1610612761,Charlotte,Hornets,1610612766,86,111,1610612766,,19800.0,,,,
22500341,2025-12-05 14:30:00,Cleveland,Cavaliers,1610612739,San Antonio,Spurs,1610612759,130,117,1610612739,,19432.0,,,,
22500339,2025-12-05 14:00:00,Orlando,Magic,1610612753,Miami,Heat,1610612748,106,105,1610612753,,17794.0,,,,
22500338,2025-12-05 14:00:00,Boston,Celtics,1610612738,Los Angeles,Lakers,1610612747,126,105,1610612738,,19156.0,,,,
22500337,2025-12-04 15:00:00,New Orleans,Pelicans,1610612740,Minnesota,Timberwolves,1610612750,116,125,1610612750,,16459.0,,,,
22500335,2025-12-04 14:30:00,Brooklyn,Nets,1610612751,Utah,Jazz,1610612762,110,123,1610612762,,16485.0,,,,
22500336,2025-12-04 14:30:00,Toronto,Raptors,1610612761,Los Angeles,Lakers,1610612747,120,123,1610612747,,19800.0,,,,
22500334,2025-12-04 14:00:00,Washington,Wizards,1610612764,Boston,Celtics,1610612738,101,146,1610612738,,16026.0,,,,
22500333,2025-12-04 14:00:00,Philadelphia,76ers,1610612755,Golden State,Warriors,1610612744,99,98,1610612755,,18221.0,,,,
22500332,2025-12-03 15:30:00,Dallas,Mavericks,1610612742,Miami,Heat,1610612748,118,108,1610612742,,19509.0,,,,
22500329,2025-12-03 15:00:00,Chicago,Bulls,1610612741,Brooklyn,Nets,1610612751,103,113,1610612751,,20633.0,,,,
22500330,2025-12-03 15:00:00,Houston,Rockets,1610612745,Sacramento,Kings,1610612758,121,95,1610612745,,18055.0,,,,
22500331,2025-12-03 15:00:00,Milwaukee,Bucks,1610612749,Detroit,Pistons,1610612765,113,109,1610612749,,16256.0,,,,
22500328,2025-12-03 14:30:00,New York,Knicks,1610612752,Charlotte,Hornets,1610612766,119,104,1610612752,,19812.0,,,,
22500327,2025-12-03 14:30:00,Atlanta,Hawks,1610612737,LA,Clippers,1610612746,92,115,1610612746,,16470.0,,,,
22500324,2025-12-03 14:00:00,Cleveland,Cavaliers,1610612739,Portland,Trail Blazers,1610612757,110,122,1610612757,,19432.0,,,,
22500326,2025-12-03 14:00:00,Orlando,Magic,1610612753,San Antonio,Spurs,1610612759,112,114,1610612759,,17643.0,,,,
22500325,2025-12-03 14:00:00,Indiana,Pacers,1610612754,Denver,Nuggets,1610612743,120,135,1610612743,,15578.0,,,,
22500323,2025-12-02 18:00:00,Golden State,Warriors,1610612744,Oklahoma City,Thunder,1610612760,112,124,1610612760,,18064.0,,,,
22500322,2025-12-02 15:00:00,San Antonio,Spurs,1610612759,Memphis,Grizzlies,1610612763,126,119,1610612759,,18354.0,,,,
22500320,2025-12-02 15:00:00,Boston,Celtics,1610612738,New York,Knicks,1610612752,123,117,1610612738,,19156.0,,,,
22500321,2025-12-02 15:00:00,New Orleans,Pelicans,1610612740,Minnesota,Timberwolves,1610612750,142,149,1610612750,,12770.0,,,,
22500319,2025-12-02 14:30:00,Toronto,Raptors,1610612761,Portland,Trail Blazers,1610612757,121,118,1610612761,,19203.0,,,,
22500318,2025-12-02 14:00:00,Philadelphia,76ers,1610612755,Washington,Wizards,1610612764,121,102,1610612755,,16743.0,,,,
22500317,2025-12-01 17:00:00,Los Angeles,Lakers,1610612747,Phoenix,Suns,1610612756,108,125,1610612756,,18997.0,,,,
22500315,2025-12-01 16:00:00,Denver,Nuggets,1610612743,Dallas,Mavericks,1610612742,121,131,1610612742,,19587.0,,,,
22500316,2025-12-01 16:00:00,Utah,Jazz,1610612762,Houston,Rockets,1610612745,133,125,1610612762,,18186.0,,,,
22500313,2025-12-01 14:30:00,Miami,Heat,1610612748,LA,Clippers,1610612746,140,123,1610612748,,19600.0,,,,
22500314,2025-12-01 14:30:00,Orlando,Magic,1610612753,Chicago,Bulls,1610612741,125,120,1610612753,,18096.0,,,,
22500312,2025-12-01 14:30:00,Brooklyn,Nets,1610612751,Charlotte,Hornets,1610612766,116,103,1610612751,,16443.0,,,,
22500311,2025-12-01 14:00:00,Washington,Wizards,1610612764,Milwaukee,Bucks,1610612749,129,126,1610612764,,13709.0,,,,
22500310,2025-12-01 14:00:00,Indiana,Pacers,1610612754,Cleveland,Cavaliers,1610612739,119,135,1610612739,,15470.0,,,,
22500309,2025-12-01 14:00:00,Detroit,Pistons,1610612765,Atlanta,Hawks,1610612737,99,98,1610612765,,19008.0,,,,
22500308,2025-11-30 16:30:00,Los Angeles,Lakers,1610612747,New Orleans,Pelicans,1610612740,133,121,1610612747,,18824.0,,,,
22500307,2025-11-30 16:00:00,Sacramento,Kings,1610612758,Memphis,Grizzlies,1610612763,107,115,1610612763,,15901.0,,,,
22500306,2025-11-30 14:00:00,Minnesota,Timberwolves,1610612750,San Antonio,Spurs,1610612759,125,112,1610612750,,16979.0,,,,
22500302,2025-11-30 13:00:00,Cleveland,Cavaliers,1610612739,Boston,Celtics,1610612738,115,117,1610612738,,19432.0,,,,
22500303,2025-11-30 13:00:00,New York,Knicks,1610612752,Toronto,Raptors,1610612761,116,94,1610612752,,19812.0,,,,
22500305,2025-11-30 13:00:00,Portland,Trail Blazers,1610612757,Oklahoma City,Thunder,1610612760,115,123,1610612760,,17597.0,,,,
22500304,2025-11-30 13:00:00,Philadelphia,76ers,1610612755,Atlanta,Hawks,1610612737,134,142,1610612737,,17225.0,,,,
22500301,2025-11-30 10:00:00,Utah,Jazz,1610612762,Houston,Rockets,1610612745,101,129,1610612745,,18186.0,,,,
22500300,2025-11-29 17:00:00,LA,Clippers,1610612746,Dallas,Mavericks,1610612742,110,114,1610612742,,17927.0,,,,
22500299,2025-11-29 16:00:00,Phoenix,Suns,1610612756,Denver,Nuggets,1610612743,112,130,1610612743,,17071.0,,,,
22500298,2025-11-29 15:30:00,Golden State,Warriors,1610612744,New Orleans,Pelicans,1610612740,104,96,1610612744,,18064.0,,,,
22500296,2025-11-29 15:00:00,Miami,Heat,1610612748,Detroit,Pistons,1610612765,135,138,1610612765,,19600.0,,,,
22500297,2025-11-29 15:00:00,Milwaukee,Bucks,1610612749,Brooklyn,Nets,1610612751,116,99,1610612749,,16396.0,,,,
22500295,2025-11-29 14:30:00,Indiana,Pacers,1610612754,Chicago,Bulls,1610612741,103,101,1610612754,,17006.0,,,,
22500294,2025-11-29 13:00:00,Charlotte,Hornets,1610612766,Toronto,Raptors,1610612761,118,111,1610612766,,17060.0,,,,
22500293,2025-11-29 12:00:00,Minnesota,Timberwolves,1610612750,Boston,Celtics,1610612738,119,115,1610612750,,17344.0,,,,
22500079,2025-11-28 17:00:00,LA,Clippers,1610612746,Memphis,Grizzlies,1610612763,107,112,1610612763,in-season,17927.0,,Emirates NBA Cup,West Group B,
22500078,2025-11-28 17:00:00,Los Angeles,Lakers,1610612747,Dallas,Mavericks,1610612742,129,119,1610612747,in-season,18997.0,,Emirates NBA Cup,West Group B,
22500076,2025-11-28 16:30:00,Denver,Nuggets,1610612743,San Antonio,Spurs,1610612759,136,139,1610612759,in-season,19936.0,,Emirates NBA Cup,West Group C,
22500075,2025-11-28 16:30:00,Oklahoma City,Thunder,1610612760,Phoenix,Suns,1610612756,123,119,1610612760,in-season,18203.0,,Emirates NBA Cup,West Group A,
22500077,2025-11-28 16:30:00,Utah,Jazz,1610612762,Sacramento,Kings,1610612758,128,119,1610612762,in-season,18186.0,,Emirates NBA Cup,West Group A,
22500072,2025-11-28 14:30:00,Detroit,Pistons,1610612765,Orlando,Magic,1610612753,109,112,1610612753,in-season,20062.0,,Emirates NBA Cup,East Group B,
22500074,2025-11-28 14:30:00,New York,Knicks,1610612752,Milwaukee,Bucks,1610612749,118,109,1610612752,in-season,19812.0,,Emirates NBA Cup,East Group C,
22500071,2025-11-28 14:30:00,Charlotte,Hornets,1610612766,Chicago,Bulls,1610612741,123,116,1610612766,in-season,19453.0,,Emirates NBA Cup,East Group C,
22500070,2025-11-28 14:30:00,Brooklyn,Nets,1610612751,Philadelphia,76ers,1610612755,103,115,1610612755,in-season,17809.0,,Emirates NBA Cup,East Group B,
22500069,2025-11-28 14:30:00,Atlanta,Hawks,1610612737,Cleveland,Cavaliers,1610612739,130,123,1610612737,in-season,16124.0,,Emirates NBA Cup,East Group A,
22500073,2025-11-28 14:30:00,Indiana,Pacers,1610612754,Washington,Wizards,1610612764,119,86,1610612754,in-season,16515.0,,Emirates NBA Cup,East Group A,
22500068,2025-11-26 17:00:00,Sacramento,Kings,1610612758,Phoenix,Suns,1610612756,100,112,1610612756,in-season,17961.0,,Emirates NBA Cup,West Group A,
22500067,2025-11-26 17:00:00,Portland,Trail Blazers,1610612757,San Antonio,Spurs,1610612759,102,115,1610612759,in-season,19335.0,,Emirates NBA Cup,West Group C,
22500066,2025-11-26 17:00:00,Golden State,Warriors,1610612744,Houston,Rockets,1610612745,100,104,1610612745,in-season,18064.0,,Emirates NBA Cup,West Group C,
22500065,2025-11-26 15:00:00,New Orleans,Pelicans,1610612740,Memphis,Grizzlies,1610612763,128,133,1610612763,in-season,17333.0,,Emirates NBA Cup,West Group B,
22500064,2025-11-26 14:30:00,Oklahoma City,Thunder,1610612760,Minnesota,Timberwolves,1610612750,113,105,1610612760,in-season,18203.0,,Emirates NBA Cup,West Group A,
22500062,2025-11-26 14:30:00,Miami,Heat,1610612748,Milwaukee,Bucks,1610612749,106,103,1610612748,in-season,19600.0,,Emirates NBA Cup,East Group C,
22500063,2025-11-26 14:30:00,Toronto,Raptors,1610612761,Indiana,Pacers,1610612754,97,95,1610612761,in-season,18484.0,,Emirates NBA Cup,East Group A,
22500061,2025-11-26 14:00:00,Charlotte,Hornets,1610612766,New York,Knicks,1610612752,101,129,1610612752,in-season,19588.0,,Emirates NBA Cup,East Group C,
22500060,2025-11-26 12:00:00,Boston,Celtics,1610612738,Detroit,Pistons,1610612765,117,114,1610612738,in-season,19156.0,,Emirates NBA Cup,East Group B,
22500059,2025-11-25 18:00:00,Los Angeles,Lakers,1610612747,LA,Clippers,1610612746,135,118,1610612747,in-season,18997.0,,Emirates NBA Cup,West Group B,
22500058,2025-11-25 15:00:00,Philadelphia,76ers,1610612755,Orlando,Magic,1610612753,103,144,1610612753,in-season,19746.0,,Emirates NBA Cup,East Group B,
22500057,2025-11-25 14:00:00,Washington,Wizards,1610612764,Atlanta,Hawks,1610612737,132,113,1610612764,in-season,15522.0,,Emirates NBA Cup,East Group A,
22500291,2025-11-24 17:00:00,Golden State,Warriors,1610612744,Utah,Jazz,1610612762,134,117,1610612744,,18064.0,,,,
22500292,2025-11-24 17:00:00,Sacramento,Kings,1610612758,Minnesota,Timberwolves,1610612750,117,112,1610612758,,16957.0,,,,
22500290,2025-11-24 16:30:00,Phoenix,Suns,1610612756,Houston,Rockets,1610612745,92,114,1610612745,,17071.0,,,,
22500287,2025-11-24 15:00:00,Memphis,Grizzlies,1610612763,Denver,Nuggets,1610612743,115,125,1610612743,,15519.0,,,,
22500288,2025-11-24 15:00:00,Milwaukee,Bucks,1610612749,Portland,Trail Blazers,1610612757,103,115,1610612757,,16526.0,,,,
22500289,2025-11-24 15:00:00,New Orleans,Pelicans,1610612740,Chicago,Bulls,1610612741,143,130,1610612740,,16690.0,,,,
22500286,2025-11-24 14:30:00,Miami,Heat,1610612748,Dallas,Mavericks,1610612742,106,102,1610612748,,19600.0,,,,
22500285,2025-11-24 14:30:00,Brooklyn,Nets,1610612751,New York,Knicks,1610612752,100,113,1610612752,,18019.0,,,,
22500284,2025-11-24 14:00:00,Toronto,Raptors,1610612761,Cleveland,Cavaliers,1610612739,110,99,1610612761,,17127.0,,,,
22500283,2025-11-24 14:00:00,Indiana,Pacers,1610612754,Detroit,Pistons,1610612765,117,122,1610612765,,17009.0,,,,
22500282,2025-11-23 15:00:00,Utah,Jazz,1610612762,Los Angeles,Lakers,1610612747,106,108,1610612747,,18186.0,,,,
22500281,2025-11-23 15:00:00,Phoenix,Suns,1610612756,San Antonio,Spurs,1610612759,111,102,1610612756,,17071.0,,,,
22500280,2025-11-23 14:00:00,Oklahoma City,Thunder,1610612760,Portland,Trail Blazers,1610612757,122,95,1610612760,,18203.0,,,,
22500276,2025-11-23 13:00:00,Atlanta,Hawks,1610612737,Charlotte,Hornets,1610612766,113,110,1610612737,,17460.0,,,,
22500277,2025-11-23 13:00:00,Boston,Celtics,1610612738,Orlando,Magic,1610612753,138,129,1610612738,,19156.0,,,,
22500278,2025-11-23 13:00:00,Cleveland,Cavaliers,1610612739,LA,Clippers,1610612746,120,105,1610612739,,19432.0,,,,
22500279,2025-11-23 13:00:00,Toronto,Raptors,1610612761,Brooklyn,Nets,1610612751,119,109,1610612761,,18038.0,,,,
22500275,2025-11-23 08:00:00,Philadelphia,76ers,1610612755,Miami,Heat,1610612748,117,127,1610612748,,18850.0,,,,
22500274,2025-11-22 17:00:00,Denver,Nuggets,1610612743,Sacramento,Kings,1610612758,123,128,1610612758,,19893.0,,,,
22500273,2025-11-22 15:30:00,Dallas,Mavericks,1610612742,Memphis,Grizzlies,1610612763,96,102,1610612763,,19623.0,,,,
22500271,2025-11-22 15:00:00,Chicago,Bulls,1610612741,Washington,Wizards,1610612764,121,120,1610612741,,21302.0,,,,
22500272,2025-11-22 15:00:00,Milwaukee,Bucks,1610612749,Detroit,Pistons,1610612765,116,129,1610612765,,17341.0,,,,
22500270,2025-11-22 14:00:00,New Orleans,Pelicans,1610612740,Atlanta,Hawks,1610612737,98,115,1610612737,,18397.0,,,,
22500269,2025-11-22 12:00:00,Orlando,Magic,1610612753,New York,Knicks,1610612752,133,121,1610612753,,18014.0,,,,
22500268,2025-11-22 08:00:00,Charlotte,Hornets,1610612766,LA,Clippers,1610612746,116,131,1610612746,,18721.0,,,,
22500055,2025-11-21 17:00:00,Utah,Jazz,1610612762,Oklahoma City,Thunder,1610612760,112,144,1610612760,in-season,18186.0,,Emirates NBA Cup,West Group A,
22500056,2025-11-21 17:00:00,Golden State,Warriors,1610612744,Portland,Trail Blazers,1610612757,123,127,1610612757,in-season,18064.0,,Emirates NBA Cup,West Group C,
22500054,2025-11-21 16:30:00,Houston,Rockets,1610612745,Denver,Nuggets,1610612743,109,112,1610612743,in-season,18108.0,,Emirates NBA Cup,West Group C,
22500053,2025-11-21 16:00:00,Phoenix,Suns,1610612756,Minnesota,Timberwolves,1610612750,114,113,1610612756,in-season,17071.0,,Emirates NBA Cup,West Group A,
22500052,2025-11-21 15:30:00,Dallas,Mavericks,1610612742,New Orleans,Pelicans,1610612740,118,115,1610612742,in-season,18506.0,,Emirates NBA Cup,West Group B,
22500051,2025-11-21 15:00:00,Chicago,Bulls,1610612741,Miami,Heat,1610612748,107,143,1610612748,in-season,21313.0,,Emirates NBA Cup,East Group C,
22500050,2025-11-21 14:30:00,Toronto,Raptors,1610612761,Washington,Wizards,1610612764,140,110,1610612761,in-season,19800.0,,Emirates NBA Cup,East Group A,
22500049,2025-11-21 14:30:00,Boston,Celtics,1610612738,Brooklyn,Nets,1610612751,105,113,1610612751,in-season,19156.0,,Emirates NBA Cup,East Group B,
22500048,2025-11-21 14:00:00,Cleveland,Cavaliers,1610612739,Indiana,Pacers,1610612754,120,109,1610612739,in-season,19432.0,,Emirates NBA Cup,East Group A,
22500266,2025-11-20 20:00:00,Milwaukee,Bucks,1610612749,Philadelphia,76ers,1610612755,114,123,1610612755,,16574.0,,,,
22500267,2025-11-20 20:00:00,San Antonio,Spurs,1610612759,Atlanta,Hawks,1610612737,135,126,1610612759,,18354.0,,,,
22500265,2025-11-20 20:00:00,Memphis,Grizzlies,1610612763,Sacramento,Kings,1610612758,137,96,1610612763,,14704.0,,,,
22500264,2025-11-20 19:00:00,Orlando,Magic,1610612753,LA,Clippers,1610612746,129,101,1610612753,,17801.0,,,,
22500263,2025-11-19 22:00:00,Portland,Trail Blazers,1610612757,Chicago,Bulls,1610612741,121,122,1610612741,,17795.0,,,,
22500262,2025-11-19 21:30:00,Dallas,Mavericks,1610612742,New York,Knicks,1610612752,111,113,1610612752,,18513.0,,,,
22500261,2025-11-19 20:00:00,Oklahoma City,Thunder,1610612760,Sacramento,Kings,1610612758,113,99,1610612760,,18203.0,,,,
22500260,2025-11-19 20:00:00,New Orleans,Pelicans,1610612740,Denver,Nuggets,1610612743,118,125,1610612743,,16484.0,,,,
22500259,2025-11-19 20:00:00,Minnesota,Timberwolves,1610612750,Washington,Wizards,1610612764,120,109,1610612750,,16578.0,,,,
22500257,2025-11-19 19:30:00,Miami,Heat,1610612748,Golden State,Warriors,1610612744,110,96,1610612748,,19600.0,,,,
22500255,2025-11-19 19:00:00,Cleveland,Cavaliers,1610612739,Houston,Rockets,1610612745,104,114,1610612745,,19432.0,,,,
22500258,2025-11-19 19:00:00,Philadelphia,76ers,1610612755,Toronto,Raptors,1610612761,112,121,1610612761,,17077.0,,,,
22500256,2025-11-19 19:00:00,Indiana,Pacers,1610612754,Charlotte,Hornets,1610612766,127,118,1610612754,,17003.0,,,,
22500254,2025-11-18 23:00:00,Portland,Trail Blazers,1610612757,Phoenix,Suns,1610612756,110,127,1610612756,,17051.0,,,,
22500253,2025-11-18 22:30:00,Los Angeles,Lakers,1610612747,Utah,Jazz,1610612762,140,126,1610612747,,18997.0,,,,
22500252,2025-11-18 20:00:00,San Antonio,Spurs,1610612759,Memphis,Grizzlies,1610612763,111,101,1610612759,,18354.0,,,,
22500250,2025-11-18 19:30:00,Brooklyn,Nets,1610612751,Boston,Celtics,1610612738,99,113,1610612738,,18118.0,,,,
22500251,2025-11-18 19:30:00,Atlanta,Hawks,1610612737,Detroit,Pistons,1610612765,112,120,1610612765,,17353.0,,,,
22500249,2025-11-18 19:00:00,Orlando,Magic,1610612753,Golden State,Warriors,1610612744,121,113,1610612753,,18846.0,,,,
22500248,2025-11-17 21:00:00,Denver,Nuggets,1610612743,Chicago,Bulls,1610612741,127,130,1610612741,,19951.0,,,,
22500247,2025-11-17 20:00:00,New Orleans,Pelicans,1610612740,Oklahoma City,Thunder,1610612760,109,126,1610612760,,13757.0,,,,
22500246,2025-11-17 20:00:00,Minnesota,Timberwolves,1610612750,Dallas,Mavericks,1610612742,120,96,1610612750,,16712.0,,,,
22500245,2025-11-17 19:30:00,Toronto,Raptors,1610612761,Charlotte,Hornets,1610612766,110,108,1610612761,,19037.0,,,,
22500244,2025-11-17 19:30:00,Miami,Heat,1610612748,New York,Knicks,1610612752,115,113,1610612748,,19600.0,,,,
22500242,2025-11-17 19:00:00,Detroit,Pistons,1610612765,Indiana,Pacers,1610612754,127,112,1610612765,,19058.0,,,,
22500241,2025-11-17 19:00:00,Cleveland,Cavaliers,1610612739,Milwaukee,Bucks,1610612749,118,106,1610612739,,19432.0,,,,
22500243,2025-11-17 19:00:00,Philadelphia,76ers,1610612755,LA,Clippers,1610612746,110,108,1610612755,,18008.0,,,,
22500240,2025-11-16 20:00:00,Utah,Jazz,1610612762,Chicago,Bulls,1610612741,150,147,1610612762,,18186.0,,,,
22500239,2025-11-16 20:00:00,Phoenix,Suns,1610612756,Atlanta,Hawks,1610612737,122,124,1610612737,,17071.0,,,,
22500238,2025-11-16 19:30:00,Dallas,Mavericks,1610612742,Portland,Trail Blazers,1610612757,138,133,1610612742,,18808.0,,,,
22500237,2025-11-16 19:00:00,New Orleans,Pelicans,1610612740,Golden State,Warriors,1610612744,106,124,1610612744,,18373.0,,,,
22500236,2025-11-16 19:00:00,Houston,Rockets,1610612745,Orlando,Magic,1610612753,117,113,1610612745,,18055.0,,,,
22500235,2025-11-16 18:00:00,Washington,Wizards,1610612764,Brooklyn,Nets,1610612751,106,129,1610612751,,14164.0,,,,
22500234,2025-11-16 16:00:00,San Antonio,Spurs,1610612759,Sacramento,Kings,1610612758,123,110,1610612759,,18354.0,,,,
22500233,2025-11-16 15:30:00,Boston,Celtics,1610612738,LA,Clippers,1610612746,121,118,1610612738,,19156.0,,,,
22500232,2025-11-15 20:00:00,Minnesota,Timberwolves,1610612750,Denver,Nuggets,1610612743,112,123,1610612743,,,,,,
22500231,2025-11-15 20:00:00,Milwaukee,Bucks,1610612749,Los Angeles,Lakers,1610612747,95,119,1610612747,,17341.0,,,,
22500229,2025-11-15 19:00:00,Charlotte,Hornets,1610612766,Oklahoma City,Thunder,1610612760,96,109,1610612760,,19469.0,,,,
22500230,2025-11-15 19:00:00,Indiana,Pacers,1610612754,Toronto,Raptors,1610612761,111,129,1610612761,,17274.0,,,,
22500228,2025-11-15 17:00:00,Cleveland,Cavaliers,1610612739,Memphis,Grizzlies,1610612763,108,100,1610612739,,19432.0,,,,
22500047,2025-11-14 21:30:00,San Antonio,Spurs,1610612759,Golden State,Warriors,1610612744,108,109,1610612744,in-season,19059.0,,Emirates NBA Cup,West Group C,
22500046,2025-11-14 20:30:00,Dallas,Mavericks,1610612742,LA,Clippers,1610612746,127,133,1610612746,in-season,18624.0,,Emirates NBA Cup,West Group B,
22500042,2025-11-14 20:00:00,Houston,Rockets,1610612745,Portland,Trail Blazers,1610612757,140,116,1610612745,in-season,18055.0,,Emirates NBA Cup,West Group C,
22500045,2025-11-14 20:00:00,New Orleans,Pelicans,1610612740,Los Angeles,Lakers,1610612747,104,118,1610612747,in-season,18102.0,,Emirates NBA Cup,West Group B,
22500043,2025-11-14 20:00:00,Milwaukee,Bucks,1610612749,Charlotte,Hornets,1610612766,147,134,1610612749,in-season,17341.0,,Emirates NBA Cup,East Group C,
22500044,2025-11-14 20:00:00,Minnesota,Timberwolves,1610612750,Sacramento,Kings,1610612758,124,110,1610612750,in-season,16962.0,,Emirates NBA Cup,West Group A,
22500041,2025-11-14 19:30:00,Detroit,Pistons,1610612765,Philadelphia,76ers,1610612755,114,105,1610612765,in-season,20062.0,,Emirates NBA Cup,East Group B,
22500039,2025-11-14 19:00:00,New York,Knicks,1610612752,Miami,Heat,1610612748,140,132,1610612752,in-season,19812.0,,Emirates NBA Cup,East Group C,
22500040,2025-11-14 19:00:00,Orlando,Magic,1610612753,Brooklyn,Nets,1610612751,105,98,1610612753,in-season,17902.0,,Emirates NBA Cup,East Group B,
22500226,2025-11-13 21:00:00,Phoenix,Suns,1610612756,Indiana,Pacers,1610612754,133,98,1610612756,,17071.0,,,,
22500227,2025-11-13 21:00:00,Utah,Jazz,1610612762,Atlanta,Hawks,1610612737,122,132,1610612737,,18186.0,,,,
22500225,2025-11-13 19:00:00,Cleveland,Cavaliers,1610612739,Toronto,Raptors,1610612761,113,126,1610612761,,19432.0,,,,
22500224,2025-11-12 22:30:00,LA,Clippers,1610612746,Denver,Nuggets,1610612743,116,130,1610612743,,17927.0,,,,
22500223,2025-11-12 22:00:00,Sacramento,Kings,1610612758,Atlanta,Hawks,1610612737,100,133,1610612737,,15008.0,,,,
22500222,2025-11-12 21:30:00,Oklahoma City,Thunder,1610612760,Los Angeles,Lakers,1610612747,121,92,1610612760,,18203.0,,,,
22500221,2025-11-12 20:30:00,Dallas,Mavericks,1610612742,Phoenix,Suns,1610612756,114,123,1610612756,,19501.0,,,,
22500219,2025-11-12 20:00:00,New Orleans,Pelicans,1610612740,Portland,Trail Blazers,1610612757,117,125,1610612757,,15896.0,,,,
22500220,2025-11-12 20:00:00,San Antonio,Spurs,1610612759,Golden State,Warriors,1610612744,120,125,1610612744,,18578.0,,,,
22500218,2025-11-12 20:00:00,Houston,Rockets,1610612745,Washington,Wizards,1610612764,135,112,1610612745,,18055.0,,,,
22500216,2025-11-12 19:30:00,Boston,Celtics,1610612738,Memphis,Grizzlies,1610612763,131,95,1610612738,,19156.0,,,,
22500217,2025-11-12 19:30:00,Miami,Heat,1610612748,Cleveland,Cavaliers,1610612739,116,130,1610612739,,19600.0,,,,
22500213,2025-11-12 19:00:00,Charlotte,Hornets,1610612766,Milwaukee,Bucks,1610612749,111,100,1610612766,,17142.0,,,,
22500214,2025-11-12 19:00:00,Detroit,Pistons,1610612765,Chicago,Bulls,1610612741,124,113,1610612765,,19023.0,,,,
22500215,2025-11-12 19:00:00,New York,Knicks,1610612752,Orlando,Magic,1610612753,107,124,1610612753,,19812.0,,,,
22500212,2025-11-11 23:00:00,Sacramento,Kings,1610612758,Denver,Nuggets,1610612743,108,122,1610612743,,15106.0,,,,
22500211,2025-11-11 21:00:00,Utah,Jazz,1610612762,Indiana,Pacers,1610612754,152,128,1610612762,,18186.0,,,,
22500210,2025-11-11 20:00:00,Oklahoma City,Thunder,1610612760,Golden State,Warriors,1610612744,126,102,1610612760,,18203.0,,,,
22500209,2025-11-11 20:00:00,Philadelphia,76ers,1610612755,Boston,Celtics,1610612738,102,100,1610612755,,19746.0,,,,
22500208,2025-11-11 19:30:00,New York,Knicks,1610612752,Memphis,Grizzlies,1610612763,133,120,1610612752,,19812.0,,,,
22500207,2025-11-11 19:30:00,Brooklyn,Nets,1610612751,Toronto,Raptors,1610612761,109,119,1610612761,,17233.0,,,,
22500206,2025-11-10 22:30:00,LA,Clippers,1610612746,Atlanta,Hawks,1610612737,102,105,1610612737,,16368.0,,,,
22500204,2025-11-10 21:00:00,Phoenix,Suns,1610612756,New Orleans,Pelicans,1610612740,121,98,1610612756,,17071.0,,,,
22500205,2025-11-10 21:00:00,Utah,Jazz,1610612762,Minnesota,Timberwolves,1610612750,113,120,1610612750,,18186.0,,,,
22500203,2025-11-10 20:30:00,Dallas,Mavericks,1610612742,Milwaukee,Bucks,1610612749,114,116,1610612749,,19132.0,,,,
22500202,2025-11-10 20:00:00,Chicago,Bulls,1610612741,San Antonio,Spurs,1610612759,117,121,1610612759,,21672.0,,,,
22500201,2025-11-10 19:30:00,Miami,Heat,1610612748,Cleveland,Cavaliers,1610612739,140,138,1610612748,,19600.0,,,,
22500199,2025-11-10 19:00:00,Detroit,Pistons,1610612765,Washington,Wizards,1610612764,137,135,1610612765,,17994.0,,,,
22500200,2025-11-10 19:00:00,Orlando,Magic,1610612753,Portland,Trail Blazers,1610612757,115,112,1610612753,,17989.0,,,,
22500198,2025-11-10 19:00:00,Charlotte,Hornets,1610612766,Los Angeles,Lakers,1610612747,111,121,1610612747,,19537.0,,,,
22500197,2025-11-09 21:00:00,Sacramento,Kings,1610612758,Minnesota,Timberwolves,1610612750,117,144,1610612750,,15227.0,,,,
22500196,2025-11-09 20:30:00,Golden State,Warriors,1610612744,Indiana,Pacers,1610612754,114,83,1610612744,,18064.0,,,,
22500195,2025-11-09 19:30:00,Philadelphia,76ers,1610612755,Detroit,Pistons,1610612765,108,111,1610612765,,18520.0,,,,
22500193,2025-11-09 18:00:00,Orlando,Magic,1610612753,Boston,Celtics,1610612738,107,111,1610612738,,18096.0,,,,
22500194,2025-11-09 18:00:00,Memphis,Grizzlies,1610612763,Oklahoma City,Thunder,1610612760,100,114,1610612760,,14532.0,,,,
22500192,2025-11-09 18:00:00,New York,Knicks,1610612752,Brooklyn,Nets,1610612751,134,98,1610612752,,19812.0,,,,
22500191,2025-11-09 15:30:00,Milwaukee,Bucks,1610612749,Houston,Rockets,1610612745,115,122,1610612745,,17341.0,,,,
22500190,2025-11-08 22:30:00,LA,Clippers,1610612746,Phoenix,Suns,1610612756,103,114,1610612756,,18961.0,,,,
22500189,2025-11-08 21:00:00,Denver,Nuggets,1610612743,Indiana,Pacers,1610612754,117,100,1610612743,,19954.0,,,,
22500186,2025-11-08 20:00:00,Cleveland,Cavaliers,1610612739,Chicago,Bulls,1610612741,128,122,1610612739,,19432.0,,,,
22500188,2025-11-08 20:00:00,San Antonio,Spurs,1610612759,New Orleans,Pelicans,1610612740,126,119,1610612759,,18611.0,,,,
22500185,2025-11-08 20:00:00,Atlanta,Hawks,1610612737,Los Angeles,Lakers,1610612747,122,102,1610612737,,17194.0,,,,
22500187,2025-11-08 20:00:00,Miami,Heat,1610612748,Portland,Trail Blazers,1610612757,136,131,1610612748,,19600.0,,,,
22500184,2025-11-08 19:30:00,Philadelphia,76ers,1610612755,Toronto,Raptors,1610612761,130,120,1610612755,,19746.0,,,,
22500183,2025-11-08 19:00:00,Washington,Wizards,1610612764,Dallas,Mavericks,1610612742,105,111,1610612742,,16258.0,,,,
22500038,2025-11-07 22:00:00,Sacramento,Kings,1610612758,Oklahoma City,Thunder,1610612760,101,132,1610612760,in-season,15767.0,,Emirates NBA Cup,West Group A,
22500037,2025-11-07 22:00:00,Denver,Nuggets,1610612743,Golden State,Warriors,1610612744,129,104,1610612743,in-season,19969.0,,Emirates NBA Cup,West Group C,
22500033,2025-11-07 20:00:00,Miami,Heat,1610612748,Charlotte,Hornets,1610612766,126,108,1610612748,in-season,19600.0,,Emirates NBA Cup,East Group C,
22500034,2025-11-07 20:00:00,Memphis,Grizzlies,1610612763,Dallas,Mavericks,1610612742,118,104,1610612763,in-season,15028.0,,Emirates NBA Cup,West Group B,
22500036,2025-11-07 20:00:00,Minnesota,Timberwolves,1610612750,Utah,Jazz,1610612762,137,97,1610612750,in-season,17924.0,,Emirates NBA Cup,West Group A,
22500035,2025-11-07 20:00:00,Milwaukee,Bucks,1610612749,Chicago,Bulls,1610612741,126,110,1610612749,in-season,17839.0,,Emirates NBA Cup,East Group C,
22500031,2025-11-07 19:30:00,Brooklyn,Nets,1610612751,Detroit,Pistons,1610612765,107,125,1610612765,in-season,17548.0,,Emirates NBA Cup,East Group B,
22500030,2025-11-07 19:30:00,Atlanta,Hawks,1610612737,Toronto,Raptors,1610612761,97,109,1610612761,in-season,16340.0,,Emirates NBA Cup,East Group A,
22500032,2025-11-07 19:30:00,San Antonio,Spurs,1610612759,Houston,Rockets,1610612745,121,110,1610612759,in-season,19035.0,,Emirates NBA Cup,West Group C,
22500029,2025-11-07 19:00:00,Washington,Wizards,1610612764,Cleveland,Cavaliers,1610612739,114,148,1610612739,in-season,14054.0,,Emirates NBA Cup,East Group A,
22500028,2025-11-07 19:00:00,Orlando,Magic,1610612753,Boston,Celtics,1610612738,123,110,1610612753,in-season,19154.0,,Emirates NBA Cup,East Group B,
22500182,2025-11-06 21:00:00,Phoenix,Suns,1610612756,LA,Clippers,1610612746,115,102,1610612756,,17071.0,,,,
22500181,2025-11-05 22:00:00,Sacramento,Kings,1610612758,Golden State,Warriors,1610612744,121,116,1610612758,,17832.0,,,,
22500179,2025-11-05 22:00:00,Los Angeles,Lakers,1610612747,San Antonio,Spurs,1610612759,118,116,1610612747,,18997.0,,,,
22500180,2025-11-05 22:00:00,Portland,Trail Blazers,1610612757,Oklahoma City,Thunder,1610612760,121,119,1610612757,,16822.0,,,,
22500178,2025-11-05 21:00:00,Denver,Nuggets,1610612743,Miami,Heat,1610612748,122,112,1610612743,,19862.0,,,,
22500177,2025-11-05 20:30:00,Dallas,Mavericks,1610612742,New Orleans,Pelicans,1610612740,99,101,1610612740,,18925.0,,,,
22500176,2025-11-05 20:00:00,Memphis,Grizzlies,1610612763,Houston,Rockets,1610612745,109,124,1610612745,,15119.0,,,,
22500174,2025-11-05 19:30:00,Boston,Celtics,1610612738,Washington,Wizards,1610612764,136,107,1610612738,,19156.0,,,,
22500175,2025-11-05 19:30:00,New York,Knicks,1610612752,Minnesota,Timberwolves,1610612750,137,114,1610612752,,19812.0,,,,
22500171,2025-11-05 19:00:00,Cleveland,Cavaliers,1610612739,Philadelphia,76ers,1610612755,132,121,1610612739,,19432.0,,,,
22500173,2025-11-05 19:00:00,Indiana,Pacers,1610612754,Brooklyn,Nets,1610612751,103,112,1610612751,,16103.0,,,,
22500172,2025-11-05 19:00:00,Detroit,Pistons,1610612765,Utah,Jazz,1610612762,114,103,1610612765,,18403.0,,,,
22500170,2025-11-04 23:00:00,LA,Clippers,1610612746,Oklahoma City,Thunder,1610612760,107,126,1610612760,,17195.0,,,,
22500169,2025-11-04 22:00:00,Golden State,Warriors,1610612744,Phoenix,Suns,1610612756,118,107,1610612744,,18064.0,,,,
22500168,2025-11-04 20:00:00,New Orleans,Pelicans,1610612740,Charlotte,Hornets,1610612766,116,112,1610612740,,15555.0,,,,
22500167,2025-11-04 20:00:00,Chicago,Bulls,1610612741,Philadelphia,76ers,1610612755,113,111,1610612741,,21016.0,,,,
22500166,2025-11-04 20:00:00,Atlanta,Hawks,1610612737,Orlando,Magic,1610612753,127,112,1610612737,,15821.0,,,,
22500165,2025-11-04 19:30:00,Toronto,Raptors,1610612761,Milwaukee,Bucks,1610612749,128,100,1610612761,,18357.0,,,,
22500164,2025-11-03 22:30:00,LA,Clippers,1610612746,Miami,Heat,1610612748,119,120,1610612748,,17045.0,,,,
22500163,2025-11-03 22:00:00,Portland,Trail Blazers,1610612757,Los Angeles,Lakers,1610612747,115,123,1610612747,,17083.0,,,,
22500162,2025-11-03 21:00:00,Denver,Nuggets,1610612743,Sacramento,Kings,1610612758,130,124,1610612743,,19653.0,,,,
22500161,2025-11-03 20:00:00,Memphis,Grizzlies,1610612763,Detroit,Pistons,1610612765,106,114,1610612765,,13822.0,,,,
22500160,2025-11-03 20:00:00,Houston,Rockets,1610612745,Dallas,Mavericks,1610612742,110,102,1610612745,,18055.0,,,,
22500158,2025-11-03 19:30:00,Boston,Celtics,1610612738,Utah,Jazz,1610612762,103,105,1610612762,,19156.0,,,,
22500159,2025-11-03 19:30:00,New York,Knicks,1610612752,Washington,Wizards,1610612764,119,102,1610612752,,19812.0,,,,
22500157,2025-11-03 19:00:00,Indiana,Pacers,1610612754,Milwaukee,Bucks,1610612749,115,117,1610612749,,17016.0,,,,
22500156,2025-11-03 19:00:00,Brooklyn,Nets,1610612751,Minnesota,Timberwolves,1610612750,109,125,1610612750,,17287.0,,,,
22500155,2025-11-02 21:30:00,Los Angeles,Lakers,1610612747,Miami,Heat,1610612748,130,120,1610612747,,18831.0,,,,
22500154,2025-11-02 20:00:00,Phoenix,Suns,1610612756,San Antonio,Spurs,1610612759,130,118,1610612756,,17071.0,,,,
22500153,2025-11-02 19:00:00,New York,Knicks,1610612752,Chicago,Bulls,1610612741,128,116,1610612752,,19812.0,,,,
22500152,2025-11-02 18:00:00,Toronto,Raptors,1610612761,Memphis,Grizzlies,1610612763,117,104,1610612761,,16746.0,,,,
22500150,2025-11-02 18:00:00,Charlotte,Hornets,1610612766,Utah,Jazz,1610612762,126,103,1610612766,,17123.0,,,,
22500149,2025-11-02 18:00:00,Brooklyn,Nets,1610612751,Philadelphia,76ers,1610612755,105,129,1610612755,,17548.0,,,,
22500151,2025-11-02 18:00:00,Cleveland,Cavaliers,1610612739,Atlanta,Hawks,1610612737,117,109,1610612739,,19432.0,,,,
22500148,2025-11-02 15:30:00,Oklahoma City,Thunder,1610612760,New Orleans,Pelicans,1610612740,137,106,1610612760,,18203.0,,,,
22500147,2025-11-01 22:00:00,Detroit,Pistons,1610612765,Dallas,Mavericks,1610612742,122,110,1610612765,Global Games,20385.0,,NBA Mexico City Game,,
22500146,2025-11-01 20:00:00,Boston,Celtics,1610612738,Houston,Rockets,1610612745,101,128,1610612745,,19156.0,,,,
22500145,2025-11-01 19:00:00,Washington,Wizards,1610612764,Orlando,Magic,1610612753,94,125,1610612753,,14602.0,,,,
22500144,2025-11-01 19:00:00,Indiana,Pacers,1610612754,Golden State,Warriors,1610612744,114,109,1610612754,,17274.0,,,,
22500143,2025-11-01 18:00:00,Charlotte,Hornets,1610612766,Minnesota,Timberwolves,1610612750,105,122,1610612750,,19444.0,,,,
22500142,2025-11-01 17:00:00,Milwaukee,Bucks,1610612749,Sacramento,Kings,1610612758,133,135,1610612758,,17341.0,,,,
22500027,2025-10-31 22:30:00,LA,Clippers,1610612746,New Orleans,Pelicans,1610612740,126,124,1610612746,in-season,16083.0,,Emirates NBA Cup,West Group B,
22500026,2025-10-31 22:00:00,Portland,Trail Blazers,1610612757,Denver,Nuggets,1610612743,109,107,1610612757,in-season,16382.0,,Emirates NBA Cup,West Group C,
22500025,2025-10-31 22:00:00,Phoenix,Suns,1610612756,Utah,Jazz,1610612762,118,96,1610612756,in-season,17071.0,,Emirates NBA Cup,West Group A,
22500024,2025-10-31 21:30:00,Memphis,Grizzlies,1610612763,Los Angeles,Lakers,1610612747,112,117,1610612747,in-season,16122.0,,Emirates NBA Cup,West Group B,
22500023,2025-10-31 20:00:00,Chicago,Bulls,1610612741,New York,Knicks,1610612752,135,125,1610612741,in-season,18330.0,,Emirates NBA Cup,East Group C,
22500022,2025-10-31 19:30:00,Cleveland,Cavaliers,1610612739,Toronto,Raptors,1610612761,101,112,1610612761,in-season,19432.0,,Emirates NBA Cup,East Group A,
22500020,2025-10-31 19:00:00,Indiana,Pacers,1610612754,Atlanta,Hawks,1610612737,108,128,1610612737,in-season,16212.0,,Emirates NBA Cup,East Group A,
22500021,2025-10-31 19:00:00,Philadelphia,76ers,1610612755,Boston,Celtics,1610612738,108,109,1610612738,in-season,19746.0,,Emirates NBA Cup,East Group B,
22500141,2025-10-30 20:30:00,San Antonio,Spurs,1610612759,Miami,Heat,1610612748,107,101,1610612759,,18702.0,,,,
22500140,2025-10-30 20:00:00,Oklahoma City,Thunder,1610612760,Washington,Wizards,1610612764,127,108,1610612760,,18203.0,,,,
22500139,2025-10-30 20:00:00,Milwaukee,Bucks,1610612749,Golden State,Warriors,1610612744,120,110,1610612749,,17341.0,,,,
22500138,2025-10-30 19:00:00,Charlotte,Hornets,1610612766,Orlando,Magic,1610612753,107,123,1610612753,,18478.0,,,,
22500137,2025-10-29 22:00:00,Phoenix,Suns,1610612756,Memphis,Grizzlies,1610612763,113,114,1610612763,,17071.0,,,,
22500136,2025-10-29 21:30:00,Minnesota,Timberwolves,1610612750,Los Angeles,Lakers,1610612747,115,116,1610612747,,15308.0,,,,
22500135,2025-10-29 21:00:00,Utah,Jazz,1610612762,Portland,Trail Blazers,1610612757,134,136,1610612757,,18186.0,,,,
22500134,2025-10-29 21:00:00,Denver,Nuggets,1610612743,New Orleans,Pelicans,1610612740,122,88,1610612743,,19533.0,,,,
22500133,2025-10-29 20:30:00,Dallas,Mavericks,1610612742,Indiana,Pacers,1610612754,107,105,1610612742,,19141.0,,,,
22500132,2025-10-29 20:00:00,Chicago,Bulls,1610612741,Sacramento,Kings,1610612758,126,113,1610612741,,19017.0,,,,
22500130,2025-10-29 19:30:00,Brooklyn,Nets,1610612751,Atlanta,Hawks,1610612737,112,117,1610612737,,17548.0,,,,
22500129,2025-10-29 19:00:00,Detroit,Pistons,1610612765,Orlando,Magic,1610612753,135,116,1610612765,,19244.0,,,,
22500128,2025-10-29 19:00:00,Boston,Celtics,1610612738,Cleveland,Cavaliers,1610612739,125,105,1610612738,,19156.0,,,,
22500131,2025-10-29 18:30:00,Toronto,Raptors,1610612761,Houston,Rockets,1610612745,121,139,1610612745,,17234.0,,,,
22500127,2025-10-28 23:00:00,Golden State,Warriors,1610612744,LA,Clippers,1610612746,98,79,1610612744,,18064.0,,,,
22500125,2025-10-28 20:00:00,Milwaukee,Bucks,1610612749,New York,Knicks,1610612752,121,111,1610612749,,16309.0,,,,
22500126,2025-10-28 20:00:00,Oklahoma City,Thunder,1610612760,Sacramento,Kings,1610612758,107,101,1610612760,,18203.0,,,,
22500124,2025-10-28 19:30:00,Miami,Heat,1610612748,Charlotte,Hornets,1610612766,144,117,1610612748,,19600.0,,,,
22500123,2025-10-28 19:00:00,Washington,Wizards,1610612764,Philadelphia,76ers,1610612755,134,139,1610612755,,15529.0,,,,
22500122,2025-10-27 22:30:00,Los Angeles,Lakers,1610612747,Portland,Trail Blazers,1610612757,108,122,1610612757,,18512.0,,,,
22500121,2025-10-27 22:00:00,Golden State,Warriors,1610612744,Memphis,Grizzlies,1610612763,131,118,1610612744,,18064.0,,,,
22500008,2025-10-27 21:30:00,Minnesota,Timberwolves,1610612750,Denver,Nuggets,1610612743,114,127,1610612743,,14018.0,,,,
22500120,2025-10-27 21:00:00,Utah,Jazz,1610612762,Phoenix,Suns,1610612756,138,134,1610612762,,18186.0,,,,
22500119,2025-10-27 20:30:00,Dallas,Mavericks,1610612742,Oklahoma City,Thunder,1610612760,94,101,1610612760,,19303.0,,,,
22500115,2025-10-27 20:00:00,Chicago,Bulls,1610612741,Atlanta,Hawks,1610612737,128,123,1610612741,,18094.0,,,,
22500117,2025-10-27 20:00:00,New Orleans,Pelicans,1610612740,Boston,Celtics,1610612738,90,122,1610612738,,16787.0,,,,
22500116,2025-10-27 20:00:00,Houston,Rockets,1610612745,Brooklyn,Nets,1610612751,137,109,1610612745,,18055.0,,,,
22500118,2025-10-27 20:00:00,San Antonio,Spurs,1610612759,Toronto,Raptors,1610612761,121,103,1610612759,,18354.0,,,,
22500007,2025-10-27 19:00:00,Detroit,Pistons,1610612765,Cleveland,Cavaliers,1610612739,95,116,1610612739,,18933.0,,,,
22500114,2025-10-27 19:00:00,Philadelphia,76ers,1610612755,Orlando,Magic,1610612753,136,124,1610612755,,18377.0,,,,
22500112,2025-10-26 21:00:00,LA,Clippers,1610612746,Portland,Trail Blazers,1610612757,114,107,1610612746,,17927.0,,,,
22500113,2025-10-26 21:00:00,Sacramento,Kings,1610612758,Los Angeles,Lakers,1610612747,120,127,1610612747,,17832.0,,,,
22500111,2025-10-26 19:30:00,Dallas,Mavericks,1610612742,Toronto,Raptors,1610612761,139,129,1610612742,,19232.0,,,,
22500110,2025-10-26 19:00:00,Minnesota,Timberwolves,1610612750,Indiana,Pacers,1610612754,114,110,1610612750,,18978.0,,,,
22500109,2025-10-26 18:00:00,Washington,Wizards,1610612764,Charlotte,Hornets,1610612766,113,139,1610612766,,16307.0,,,,
22500107,2025-10-26 18:00:00,Cleveland,Cavaliers,1610612739,Milwaukee,Bucks,1610612749,118,113,1610612739,,19432.0,,,,
22500108,2025-10-26 18:00:00,Miami,Heat,1610612748,New York,Knicks,1610612752,115,107,1610612748,,19600.0,,,,
22500106,2025-10-26 15:30:00,Detroit,Pistons,1610612765,Boston,Celtics,1610612738,119,113,1610612765,,20062.0,,,,
22500105,2025-10-26 14:00:00,San Antonio,Spurs,1610612759,Brooklyn,Nets,1610612751,118,107,1610612759,,19016.0,,,,
22500104,2025-10-25 21:00:00,Denver,Nuggets,1610612743,Phoenix,Suns,1610612756,133,111,1610612743,,20025.0,,,,
22500103,2025-10-25 20:00:00,Memphis,Grizzlies,1610612763,Indiana,Pacers,1610612754,128,103,1610612763,,15441.0,,,,
22500102,2025-10-25 19:30:00,Philadelphia,76ers,1610612755,Charlotte,Hornets,1610612766,125,121,1610612755,,19124.0,,,,
22500101,2025-10-25 19:30:00,Atlanta,Hawks,1610612737,Oklahoma City,Thunder,1610612760,100,117,1610612760,,16450.0,,,,
22500100,2025-10-25 19:00:00,Orlando,Magic,1610612753,Chicago,Bulls,1610612741,98,110,1610612741,,19117.0,,,,
22500099,2025-10-24 22:30:00,LA,Clippers,1610612746,Phoenix,Suns,1610612756,129,102,1610612746,,17927.0,,,,
22500098,2025-10-24 22:00:00,Sacramento,Kings,1610612758,Utah,Jazz,1610612762,105,104,1610612758,,17832.0,,,,
22500097,2025-10-24 22:00:00,Portland,Trail Blazers,1610612757,Golden State,Warriors,1610612744,139,119,1610612757,,18090.0,,,,
22500019,2025-10-24 22:00:00,Los Angeles,Lakers,1610612747,Minnesota,Timberwolves,1610612750,128,110,1610612747,,18642.0,,,,
22500096,2025-10-24 20:30:00,Dallas,Mavericks,1610612742,Washington,Wizards,1610612764,107,117,1610612764,,19225.0,,,,
22500093,2025-10-24 20:00:00,Houston,Rockets,1610612745,Detroit,Pistons,1610612765,111,115,1610612765,,18055.0,,,,
22500094,2025-10-24 20:00:00,Memphis,Grizzlies,1610612763,Miami,Heat,1610612748,114,146,1610612748,,14641.0,,,,
22500095,2025-10-24 20:00:00,New Orleans,Pelicans,1610612740,San Antonio,Spurs,1610612759,116,120,1610612759,,18363.0,,,,
22500091,2025-10-24 19:30:00,Brooklyn,Nets,1610612751,Cleveland,Cavaliers,1610612739,124,131,1610612739,,17548.0,,,,
22500018,2025-10-24 19:30:00,New York,Knicks,1610612752,Boston,Celtics,1610612738,105,95,1610612752,,19812.0,,,,
22500090,2025-10-24 19:00:00,Orlando,Magic,1610612753,Atlanta,Hawks,1610612737,107,111,1610612737,,18004.0,,,,
22500092,2025-10-24 18:30:00,Toronto,Raptors,1610612761,Milwaukee,Bucks,1610612749,116,122,1610612749,,19615.0,,,,
22500006,2025-10-23 22:00:00,Golden State,Warriors,1610612744,Denver,Nuggets,1610612743,137,131,1610612744,,18064.0,,,,
22500005,2025-10-23 19:30:00,Indiana,Pacers,1610612754,Oklahoma City,Thunder,1610612760,135,141,1610612760,,17274.0,,,,
22500089,2025-10-22 22:00:00,Portland,Trail Blazers,1610612757,Minnesota,Timberwolves,1610612750,114,118,1610612750,,19335.0,,,,
22500088,2025-10-22 22:00:00,Phoenix,Suns,1610612756,Sacramento,Kings,1610612758,120,116,1610612756,,17071.0,,,,
22500004,2025-10-22 21:30:00,Dallas,Mavericks,1610612742,San Antonio,Spurs,1610612759,92,125,1610612759,,20122.0,,,,
22500087,2025-10-22 21:00:00,Utah,Jazz,1610612762,LA,Clippers,1610612746,129,108,1610612762,,18186.0,,,,
22500084,2025-10-22 20:00:00,Chicago,Bulls,1610612741,Detroit,Pistons,1610612765,115,111,1610612741,,21381.0,,,,
22500085,2025-10-22 20:00:00,Memphis,Grizzlies,1610612763,New Orleans,Pelicans,1610612740,128,122,1610612763,,17794.0,,,,
22500086,2025-10-22 20:00:00,Milwaukee,Bucks,1610612749,Washington,Wizards,1610612764,133,120,1610612749,,17341.0,,,,
22500082,2025-10-22 19:30:00,Atlanta,Hawks,1610612737,Toronto,Raptors,1610612761,118,138,1610612761,,17811.0,,,,
22500083,2025-10-22 19:30:00,Boston,Celtics,1610612738,Philadelphia,76ers,1610612755,116,117,1610612755,,19156.0,,,,
22500080,2025-10-22 19:00:00,Charlotte,Hornets,1610612766,Brooklyn,Nets,1610612751,136,117,1610612766,,19516.0,,,,
22500081,2025-10-22 19:00:00,Orlando,Magic,1610612753,Miami,Heat,1610612748,125,121,1610612753,,19186.0,,,,
22500003,2025-10-22 19:00:00,New York,Knicks,1610612752,Cleveland,Cavaliers,1610612739,119,111,1610612752,,19812.0,,,,
22500002,2025-10-21 22:00:00,Los Angeles,Lakers,1610612747,Golden State,Warriors,1610612744,109,119,1610612744,,18997.0,,,,
22500001,2025-10-21 19:30:00,Oklahoma City,Thunder,1610612760,Houston,Rockets,1610612745,125,124,1610612760,,18203.0,,,,
